wrong,correct
下北沢Flowers LOFT,Flowers Loft
下北沢Flowers Loft,Flowers Loft
Flowers LOFT,Flowers Loft
恵比寿 CreAto,恵比寿CreAto
BASE GRANBELL 銀座,銀座BASE GRANBELL
銀座 BASE GRANBELL,銀座BASE GRANBELL
BEYOND,アメリカ村BEYOND
shibuya CYCLONE,SHIBUYA CYCLONE
チェルシーホテル,渋谷チェルシーホテル
渋谷Spotify O-Crest,Spotify O-Crest
大塚 Hearts＋,大塚Hearts+
大塚Heats+,大塚Hearts+
DESEO mini,DESEO mini with VILLAGE VANGUARD
渋谷WOMBLIVE,渋谷WOMB
CHELSEA HOTEL,渋谷チェルシーホテル
大塚hearts NEXT,大塚Hearts Next
三崎公園野外音楽堂(福島県いわき市),三崎公園野外音楽堂
白金高輪SELENEb2,白金高輪SELENE b2
神田 CLUB F#,神田CLUB F#
ZircoTokyo,Zirco Tokyo
