uid,start,end,all_day,venue,doors,showtime,live_start,live_end,meet_start,meet_end,summary,location,description,status,recurrence,last_modified
55su49jbtdoa3r26p23691ba55@google.com,2025-08-23,2025-08-23,yes,,,,,,,,全員配信,,"8/23(土)19:00よりYouTubeLiveにて全員配信(アーカイブあり)を行います。配信中にメンバーがお客様からの質問に答えるコーナーあり、ここで初出しも情報あり！また、配信時の私服チェキ販売(一言コメントあり)を行います。
※オンラインチェキ会ではございませんのでご注意ください。

■チェキ販売サイト
https://sova.official.ec/items/116544775

■質問受付
https://forms.gle/nA9fHmCgZE7bDncj7

■配信URL
https://youtube.com/live/li2uaNEdfZM?feature=share",CONFIRMED,,20250821T100240Z
0vcbpbvduarfb2en37r01k8abv@google.com,2025-09-08,2025-09-08,yes,,,,,,,,浴衣にて全員配信,,"9/8(月)20:00よりYouTubeLiveにて浴衣を着用して全員配信(アーカイブあり)を行います。また、コメント付きチェキの販売も予定しております。販売サイトは現在準備中ですので、今しばらくお待ちください。
※オンラインチェキ会ではございません。

■配信URL
https://youtube.com/live/TyWKsi2gwoY?feature=share",CONFIRMED,,20250904T113141Z
1cd5nd8bicv5rt12h9no8andke@google.com,2025-09-13,2025-09-13,yes,Veats SHIBUYA,11:30,12:00,,,,,【プレデビューイベント】airattic presents 「ATTIC PARADE」,,"9月13日(土)@ Veats SHIBUYA
airattic presents 「ATTIC PARADE」
開場 11:30 / 開演 12:00
チケット 前売 ¥4,000 / 当日 ¥5,000（+1D）
※持ち時間は短め、ロゴTシャツで出演予定

■チケット抽選サイト
https://t.livepocket.jp/e/atticparade
先行抽選：8/22(金) 21:00〜9/1(月) 23:59
一般販売：9/5(金) 20:00",CONFIRMED,,20250822T121831Z
44jp1sjrk0rpp74k6s09o7d4n9@google.com,2025-09-20,2025-09-20,yes,Spotify O-Crest,11:40,12:15,,,,,【イベント】Drawry.デビューライブ「first impression」@渋谷Spotify O-Crest,,"9月20日(土)@ 渋谷Spotify O-Crest
Drawry.デビューライブ「first impression」
開場 11:40 / 開演 12:15
チケット 優先入場 3000円/一般 1000円+1D

■チケット抽選サイト
https://t.livepocket.jp/e/drawry01
前売抽選(8/17 19:00-8/24 23:59)
チケット販売：8/26 22:30先着(一般チケットのみ)

僕らの未来、始めよう。",CONFIRMED,,20250825T121641Z
6p7tm36bkf877r894mbdlfsf49@google.com,2025-09-21,2025-09-21,yes,恵比寿CreAto,10:15,10:30,,,,,【イベント】「ソノウチ」,,"【イベント情報】
9月21日(日)@ 恵比寿CreAto
「ソノウチ」
開場 10:15 / 開演 10:30
チケット 前売2,400円/当日2,900円(各+1D)
出演 アップアップガールズ（プロレス） / 個性美術館 / シンダーエラ / セカイシティ / Drawry. / ばたんキュン / PANDAMIC / FLAPSTAR

■チケット販売サイト
https://t.livepocket.jp/e/ebf3z
※チケット発売：9/9(火) 21:00先着",CONFIRMED,,20250908T060242Z
79fu26uj83psaoi0uphnqhakql@google.com,2025-09-23,2025-09-23,yes,新宿LOFT,11:30,12:00,,,,,【イベント】会心ノ一撃 pre.「DE•DE•DE•DE•DAY LIVE !!」 supported by NEW AGE,,"9月23日(火・祝)@ 新宿LOFT
会心ノ一撃 pre.「DE•DE•DE•DE•DAY LIVE !!」
supported by NEW AGE
開場 11:30 / 開演 12:00
チケット 前売2,800円/当日3,500円(各+1D)
出演 会心ノ一撃 / SAKA-SAMA / yumegiwa last girl  / ROY Limited GIRLFRIEND / may in film / Drawry. / Lion net girl

■チケット販売サイト
https://t-dv.com/dededededaylive
※チケット発売：9/12(金) 22:00先着",CONFIRMED,,20250911T133011Z
19rdbf410ch4jvefjqe0err42o@google.com,2025-09-23,2025-09-23,yes,SHIBUYA RING,15:00,15:30,,,,,【イベント】「LEADING SUNNY」,,"9月23日(火・祝)@ SHIBUYA RING
「LEADING SUNNY」
開場 15:00/  開演 15:30
チケット 前売1,500円(各+1D)
出演 OLNew / selfish / Tohkei / にっぽんワチャチャ / Drawry. / Payrin's

■チケット販売サイト
https://ticketvillage.jp/events/13556
※チケット発売: 9/20(土)22:00先着",CONFIRMED,,20250920T131847Z
78iudvis1fsp8dc5ugsf1cjbmp@google.com,2025-09-27,2025-09-27,yes,SHIBUYA CYCLONE,11:30,12:00,,,,,【イベント】「ベルハー・イン・ザ・ダーク vol.4」,,"9月27日(土)@ SHIBUYA CYCLONE
「ベルハー・イン・ザ・ダーク vol.4」
開場 11:30 / 開演 12:00
チケット 前売2,500円+1D
出演 BELLRING少女ハート / Drawry.(オープニングゲスト)
※ベルハー・イン・ザ・ダーク ルールはBELLRING少女ハート様の出演時間のみ適用となります。

■チケット販売サイト
https://t.livepocket.jp/e/cnswb
※チケット発売：9/9(火) 22:00先着",CONFIRMED,,20250908T030101Z
0uf0o3j5hen17n5hgfvb83rd2e@google.com,2025-09-28,2025-09-28,yes,Flowers Loft,10:45,11:00,,,,,【イベント】INFINITY LIVE presents『THE PRISMING vol.32』,,"9月28日(日)@ 下北沢Flowers Loft
INFINITY LIVE presents『THE PRISMING vol.32』
開場 10:45 / 開演 11:00
チケット 前売2,300円/当日2,800円(各+1D)
出演 メルクマールメルマール / 夢みるアドレセンス  / POPPiNG EMO / ponderosa may bloom / キキレイレイ / ハチキュウ / えくすくらめーしょん！ / Drawry.

■チケット販売サイト
https://t.livepocket.jp/e/20250928_day
※チケット発売：9/9(火) 22:00先着",CONFIRMED,,20250908T130718Z
5ujs63mf2bkjq9kj237ndle529@google.com,2025-10-03,2025-10-03,yes,新宿MARZ,18:30,19:00,,,,,【イベント】UNIVERSE企画『NEW ORDER』,,"10月3日(金)@ 新宿MARZ
UNIVERSE企画『NEW ORDER』
開場 18:30 / 開演 19:00
チケット 前売1,900円/当日2,400円(各+1D)
出演 Drawry. / NUANCE / vividbird / yumegiwa last girl

■チケット販売サイト
https://t.livepocket.jp/e/aanrl
※チケット発売：9/9(火) 22:00先着",CONFIRMED,,20250908T130145Z
3hlkt7vfhjk7ve2kb5aumb08j4@google.com,2025-10-05,2025-10-05,yes,Flowers Loft,16:30,17:00,,,,,【イベント】『アネモネ』,,"10月5日(日)@ 下北沢Flowers Loft
『アネモネ』
開場 16:30 / 開演 17:00
チケット 前売2,500円/当日3,500円(各+1D)
出演  may in film / il pleut / MID POP / ponderosa may bloom / トナリア / ピューパ!!  / ブルベア / nicora ray ark / Drawry.

■チケット販売サイト
https://t.livepocket.jp/e/anemone1005
※チケット発売：9/16(火) 22:00先着",CONFIRMED,,20250915T130422Z
2uogrkev03oq9bjvpuvjqtpjum@google.com,2025-10-11,2025-10-11,yes,TwinBoxGARAGE,11:30,12:00,12:50,13:15,14:15,15:15,【イベント】「あきばのともだち」,,"10月11日(土)@ TwinBoxGARAGE
「あきばのともだち」
開場 11:30/ 開演 12:00
チケット 前売1,500円 当日 2,000円(各+1D)
出演 il pleut / ROY Limited GIRLFRIEND / Drawry. / may in film / ラストブルー

ライブ 12:50~13:15
特典会 14:15~15:15

■チケット販売サイト
https://t-dv.com/bestfriendakibaday
※チケット発売: 10/7(火)21:00先着",CONFIRMED,,20251007T090054Z
697pjnraaoi8jpfvoi5u4nc8t9@google.com,2025-10-12,2025-10-12,yes,下北沢MOSAiC,11:30,12:00,18:15,18:40,20:25,21:25,【イベント】雨模様のソラリス presents「Festival in the Rain 2025」,,"10月12日(日)@ 下北沢4会場周遊フェス
雨模様のソラリス presents「Festival in the Rain 2025」
チケット
好天チケット 8,800円 /
一般チケット4,800円 / 当日券 5,500円（各+1D）
好天チケット特典：インベントロゴTシャツ(XLのみ)/シャングリラ優先入場エリア入場

■チケット販売サイト
http://perfectmusic.zaiko.io/item/374338
※チケット発売：9/18(木) 21:00先着",CONFIRMED,,20250917T043316Z
3o0n3gohtgfv1m2skv54hfm9jk@google.com,2025-10-13,2025-10-13,yes,神田 CLUB F#,16:30,17:00,,,,,【イベント】「かんだでもおともだち 〜おてつだい じ〜け〜ないと〜」,,"10月13日(月・祝)@ 神田 CLUB F#
「かんだでもおともだち 〜おてつだい じ〜け〜ないと〜」
開場 16:30/  開演 17:00
チケット 前売2,500円 当日 3,500円(各+1D)
出演 さとりモンスター / ROY Limited GIRLFRIEND  / Drawry. / Layn / 会心ノ一撃 / 猫の眼に宇宙  / ilpleut / HOTALOOP
※再入場自由

■チケット販売サイト
https://t-dv.com/kandademobestfriend2025
※チケット発売: 9/29(月)22:00先着",CONFIRMED,,20250929T090300Z
47fmbscf88lo1enn9dolm8rdm8@google.com,2025-10-18,2025-10-18,yes,恵比寿CreAto,10:15,10:30,,,,,【イベント】「コウサツ」,,"10月18日(土)@ 恵比寿CreAto
「コウサツ」
開場 10:15/  開演 10:30
チケット 前売2,400円 当日 2,900円(各+1D)
出演 個性美術館 / じゅじゅ / シンダーエラ / SWANTICK / セカイシティ / ゼノシンフォニー / demipogune / Drawry.

■チケット販売サイト
https://t.livepocket.jp/e/vy7g3",CONFIRMED,,20251006T131344Z
7ao4m28mgjlgqkm7b3316ucp6t@google.com,2025-10-18,2025-10-18,yes,大塚hearts NEXT,16:30,17:00,18:30,19:00,19:45,20:55,【イベント】ギュウ農フェス mini『この秋、運命は勇者に微笑む』～夕の部～,,"10月18日(土)@ 大塚hearts NEXT
ギュウ農フェス mini『この秋、運命は勇者に微笑む』～夕の部～
開場 16:30/ 開演 17:00
チケット 前売2,900円 当日 3,400円(各+1D)
出演 ゑんら / エレクトリックリボン / Drawry. / NaNoMoRaL / AIR-CON BOOM BOOM ONESAN

ライブ 18:30~19:00
特典会 19:45~20:55

■チケット販売サイト
https://t.livepocket.jp/e/gyu251018eve
※前売りチケット 10/18 1:00まで

■配信サイトあり(1,000円)
https://premier.twitcasting.tv/hearts_next/shopcart/401103※こちらの配信は固定カメラによる配信を予定しております。配信画面のスクリーンショットの撮影やSNS等への掲載はご遠慮くださいますようお願いいたします。",CONFIRMED,,20251017T091327Z
1s93n65rm9bju65gpc23dm6u6e@google.com,2025-10-19,2025-10-19,yes,渋谷Spotify O-Crest,11:30,12:00,13:15,13:40,14:10,15:10,【イベント】NEW AGE MUGEN EMO(DAY),,"10月19日(日)@ 渋谷Spotify O-Crest
NEW AGE MUGEN EMO(DAY)
開場 11:30/ 開演 12:00
チケット 前売2,800円 当日 3,500円(各+1D)
出演 会心ノ一撃 / ROY Limited GIRLFRIEND / may in film / NINGENKYOU / ラストブルー / yumegiwa last girl / Drawry. / 冬野ななせ

ライブ 13:15~13:40
特典会 14:10~15:10

■チケット販売サイト
https://t-dv.com/newageemomugenday1019
※チケット発売：10/13(月)22:00先着",CONFIRMED,,20251014T040915Z
301c0ri94ucbge2vjv7k57opa9@google.com,2025-10-21,2025-10-21,yes,大塚Hearts+,18:30,19:00,,,,,【イベント】「#pmbfriends vol.1」,,"10月21日(火)@ 大塚Hearts+
「#pmbfriends vol.1」
開場 18:30/  開演 19:00
チケット 前売2,500円 / 当日券 3,000円(各+1D)
出演 ponderosa may bloom / ハチキュウ / Drawry. / NEW POLARIS

■チケット販売サイト
https://t.livepocket.jp/e/pmbf01
※チケット発売：9/29(月)21:00先着",CONFIRMED,,20250927T110430Z
2o65v8nv02inp0mhi1hinuoc73@google.com,2025-10-24,2025-10-24,yes,Flowers Loft,18:00,18:30,,,,,【イベント】『アネモネ』,,"10月24日(金)@ 下北沢Flowers Loft
『アネモネ』
開場 18:00/  開演 18:30
チケット 前売1,500円 当日 2,500円(各+1D)
出演 yumegiwa last girl / may in film / Drawry. / HOTALOOP

■チケット販売サイト
https://t.livepocket.jp/e/anemone251024
※チケット発売: 10/5(日)21:00先着",CONFIRMED,,20251004T124623Z
2f3h11s3upokgt9e1s8v9h6ri6@google.com,2025-10-26,2025-10-26,yes,SHIBUYA RING,09:00,09:20,10:40,11:00,11:15,12:15,【イベント】『LEADING Circuit HELLOWEEN』,,"特典会：衣装+ハロウィン小物着用

10月26日(日)@ duo MUSIC EXCHANGE&SHIBUYA RING
『LEADING Circuit HELLOWEEN』
チケット 前方エリア 7,000円 一般 3,500円(各+1D)
※前方エリアはduoのみとなります。

■チケット抽選サイト
https://ticketvillage.jp/events/13532
抽選期間：9/29(月) 23:59まで",CONFIRMED,,20251003T155145Z
510ap4b13vrr1kfrfv5j9ota18@google.com,2025-10-26,2025-10-26,yes,新宿MARZ,18:00,18:30,,,,,【イベント】UNIVERSE企画『NEW ORDER』,,"ハロウィン仮装特典会実施！

10月26日(日)@ 新宿MARZ
UNIVERSE企画『NEW ORDER』
開場 18:00/  開演 18:30
チケット 前売2,400円 当日 2,900円(各+1D)
出演 Untitled / Drawry. / ねおち / 開歌-かいか-

■チケット販売サイト
https://t.livepocket.jp/e/xnl9r
※チケット発売: 10/1(水)22:00先着",CONFIRMED,,20251003T155115Z
33i7f7gs73g2oieh0ttsc4q3su@google.com,2025-10-27,2025-10-27,yes,新宿MARZ,18:50,19:10,,,,,【イベント】「エンジョイナス‼」,,"10月27日(月)@ 新宿MARZ
「エンジョイナス‼」
開場 18:50/  開演 19:10
チケット 前売1,900円 当日 2,400円(各+1D)
出演 AFTERS / iRiNE / Untitled / Drawry.

■チケット販売サイト
https://t.livepocket.jp/e/z82vf
※チケット発売: 10/3(金)22:00先着",CONFIRMED,,20251002T143748Z
55icp9hnemnu349eujvhcvgmm6@google.com,2025-11-01,2025-11-01,yes,四谷LOTUS,16:30,16:45,20:15,20:40,20:45,21:45,【イベント】INFINITY LIVE presents『Princeism - Night - 』,,"11月1日(土)@ 四谷LOTUS
INFINITY LIVE presents『Princeism - Night - 』
開場 16:30/ 開演 16:45
チケット 優先2,900円 一般 2,400円 当日 2,900円(各+1D)
出演 8°世界が変われば、/ Drawry. / キキレイレイ / il pleut / マイナーガール / トナリア / demipogune / えくすくらめーしょん！ / アイル

ライブ 20:15~20:40
特典会 20:45~21:45

■チケット販売サイト
https://t.livepocket.jp/e/20251101_night
※チケット発売：10/23(木)22:30先着",CONFIRMED,,20251022T131228Z
4eocno6jtlm7me3o4tp1h7heei@google.com,2025-11-02,2025-11-02,yes,大塚Hearts+,10:30,11:00,,,,,【イベント】Hearts+ presents「秋のYOIMACHI」,,"11月2日(日)@ 大塚 Hearts＋、Hearts Next、MEETS、お風呂ステージ(大塚記念湯)、ラーメンステージ(麺屋いぶすけ)
Hearts+ presents「秋のYOIMACHI」
開場 10:30/ 開演 11:00
チケット 前売り 4,000円 当日 5,000円(各+1D)

■チケット販売サイト
イープラス
https://eplus.jp/sf/detail/4413460001-P0030001

LivePocket
https://t.livepocket.jp/e/yoimachi1102",CONFIRMED,,20251025T033914Z
6uqoqld8v3b8nv399kljen2pcn@google.com,2025-11-03,2025-11-03,yes,秋葉原周辺ライブハウス,10:45,11:30,12:10,12:30,13:00,14:00,【イベント】『秋葉原アイドルサーキット vol.5』,,"11月3日(月・祝)@ 秋葉原周辺ライブハウス
『秋葉原アイドルサーキット vol.5』
開場 10:45/ 開演 11:30
チケット 前売7,500円 (+1D)
※都月ゆめは学業都合によりお休みとなります。あらかじめご了承ください。

ライブ 12:10~12:30(TwinBoxGARAGE)
特典会 13:00~14:00(P.A.R.M.S)

■チケット販売サイト
https://atjam.jp/ticket",CONFIRMED,,20251025T103214Z
39mrm0e7l6945sadb4vl9v34er@google.com,2025-11-08,2025-11-08,yes,下北沢MOSAiC,11:00,11:30,,,,,【イベント】「アイクル2025本祭 ~WAKUWAKU CIRCUIT ~」,,"「Drawry.」「めみあず」の出演。

11月8日(土)@ 下北沢周辺ライブハウス
「アイクル2025本祭 ~WAKUWAKU CIRCUIT ~」
開場11:00 開演11:30  
チケット
① VIP Sチケット ¥20,000 (D代無)
全会場フリーパス（入場規制時も含む）
ドリンクチケット10枚
オフィシャルパーカー 付
②ONE DAYTIKCET   6800円(+2D代)
③DAY TIKCET 5,500円(+1D代)
※DAYのみの出演となります。

■チケットサイト
https://t-dv.com/idolcruising2025wakuwakucircuit
※先行抽選(10/01 22:00〜10/12 23:59)
一般発売(10/16 22:00〜)",CONFIRMED,,20251029T130056Z
0jtputfi1ov77hthi3keienms8@google.com,2025-11-09,2025-11-09,yes,Flowers Loft,11:00,11:30,,,,,【イベント】『WEEKEND無限脱却SPECIAL 2025』,,"11月9日(日)@ 下北沢シャングリラ / MOSAiC / ERA / Flowers LOFT
『WEEKEND無限脱却SPECIAL 2025』
開場 11:00/  開演 11:30
チケット 前売 先行抽選4,300円 / 一般販売4,800円(各+1D)

■チケットサイト
https://t-dv.com/weekendmugendakkyakuspecial2025
※抽選期間：10/03 22:00〜10/12 23:59",CONFIRMED,,20251003T135726Z
1tnsqg7767nv4i7soc70qvd1pd@google.com,2025-11-10,2025-11-10,yes,大塚Hearts+,18:00,18:30,,,,,【イベント】日ノ目企画presents“MONDAYDRIVE”,,"11月10日(月)@ 大塚Hearts+
日ノ目企画presents“MONDAYDRIVE”
開場 18:00/  開演 18:30
チケット 前売2,800円 当日 3,300円(各+1D)
出演 AQ / スパンコールグットタイムズ / 0番線と夜明け前 / Drawry. / vividbird / yumegiwa last girl

■チケット販売サイト
https://t.livepocket.jp/e/hnm1110ohp
※チケット発売: 10/8(水)19:00先着",CONFIRMED,,20251007T100740Z
6njvp3mgt9tdnp7sb771iq05a8@google.com,2025-11-11,2025-11-11,yes,高円寺HIGH,18:15,18:45,,,,,"【イベント】AQ&0番線と夜明け前 共同企画""永久番線""",,"11月11日(火)@ 高円寺HIGH
AQ&0番線と夜明け前 共同企画""永久番線""
開場 18:15/ 開演 18:45
チケット 前売3,000円 当日 3,500円(各+1D)
出演 NUANCE / ねおち / 0番線と夜明け前 / Drawry.
※AQは体調不良により出演キャンセルとなりました。

■チケット販売サイト
https://t.livepocket.jp/e/hopni",CONFIRMED,,20251109T043630Z
5lffu6p55t51llnf3obmps2d3d@google.com,2025-11-14,2025-11-14,yes,新宿MARZ,18:30,19:00,,,,,【イベント】UNIVERSE企画『NEW ORDER』,,"11月14日(金)@ 新宿MARZ
UNIVERSE企画『NEW ORDER』
開場 18:30/ 開演 19:00
チケット 前売1,900円 当日 2,400円(各+1D)
出演 Untitled / キキレイレイ / Drawry. / YUGUREMI

■チケット販売サイト
https://t.livepocket.jp/e/0qd3g
※チケット発売：10/11(土)22:00",CONFIRMED,,20251010T120332Z
4p3b5fdah8igfrmsd8t4cpbcpv@google.com,2025-11-16,2025-11-16,yes,Flowers Loft,11:00,11:30,,,,,【イベント】『アネモネ』,,"11月16日(日)@ 下北沢Flowers Loft
『アネモネ』
開場 11:00/ 開演 11:30
チケット 前売2,500円 当日 3,500円(各+1D)
出演 may in film / Drawry. / ねおち / CoTei

■チケット販売サイト
https://t.livepocket.jp/e/anemone3
※チケット発売：11/3(月)22:00先着",CONFIRMED,,20251102T132143Z
2hih7e5imrucg8gev67ju41dr6@google.com,2025-11-22,2025-11-22,yes,新宿LOFT,08:45,09:10,,,,,【イベント】『ともだちFES 2025』,,"11月22日(土)@ 新宿LOFT
『ともだちFES 2025』
開場 8:45/ 開演 9:10
チケット 先行ともだち割 3,900円 一般 4,500円(+1D)

■チケット販売サイト
https://ticketdive.com/event/tomodachifes2025
※先行チケット発売：10/11(土)18:00~10/19(日) 23:59",CONFIRMED,,20251117T115828Z
4o56fpt8n68qeej666nckv5d79@google.com,2025-11-23,2025-11-23,yes,Spotify O-Crest,10:30,11:00,,,,,【イベント】『NEW AGE EMO MUGEN -DAY-』,,"11月23日(日)@ 渋谷Spotify O-Crest
『NEW AGE EMO MUGEN -DAY-』
開場 10:30/ 開演 11:00
チケット 前売2,900円 当日 3,600円(各+1D)
出演 BELLRING少女ハート / Untitled / FOKALITE / AFTERS / Drawry. / さとりモンスター / スパンコールグッドタイムズ / YOUR ADVISORY BOARD / 猫の眼に宇宙 / zanka

■チケット販売サイト
https://t-dv.com/newageemomugen1123d
※チケット発売：11/11(火）22:00先着",CONFIRMED,,20251122T100729Z
72brvb1htocru71irumhbpvs81@google.com,2025-11-24,2025-11-24,yes,下北沢MOSAiC,11:00,11:20,,,,,【イベント】Drawry.主催イベント「build a family vol.1」,,"11月24日(月・祝)@ 下北沢MOSAiC
Drawry.主催イベント「build a family vol.1」
開場 11:00/  開演 11:20
チケット 前売2,000円 当日 2,500円(各+1D)
出演 Drawry. / vividbird / CoTei

■チケット販売サイト
https://t.livepocket.jp/e/build_a_family1
※チケット発売: 10/9(木)22:00先着",CONFIRMED,,20251008T100046Z
03o9pqn7mrmkdp50651te81p9h@google.com,2025-11-29,2025-11-29,yes,ベルサール渋谷,09:30,10:00,,,,,【イベント】TIF学園 「学園祭」秋,,"11月29日@ ベルサール渋谷ガーデン
TIF学園 「学園祭」秋
開場 9:30/ 開演 10:00
チケット 優先エリア9,000円 一般 4,000円(各+1D)
TIF学園青春チケット:1,000円 / 1枚
※当日は、入場料の他に上記の学園祭特別チケットをお買い求めいただければ、各種コンテンツにご参加いただけます。

■チケットサイト
https://ticketvillage.jp/events/13585
[先行抽選]
10/15(水)20:00 ~ 10/31(金) 23:59
[一般発売]
11/1(土) 20:00",CONFIRMED,,20251030T110140Z
06ots1h65f2k9qs9i12riqtrsg@google.com,2025-11-30,2025-11-30,yes,SUPERNOVA KAWASAKI,11:30,11:45,12:10,12:30,12:40,13:40,【イベント】『BUNFES Vol.3』,,"11月30日(日)@ SUPERNOVA KAWASAKI
『BUNFES Vol.3』
開場 11:30/ 開演 11:45
チケット 前方エリア 5,000円 / 一般エリア 3,000円(各+1D)
出演者 アイドルカレッジ／INSRiA／えすれある／開歌-かいか-／会心ノ一撃／月刊PAM／Shupines／スパンコールグッドタイムズ／セカイシティ／空野青空／Dear.HOLIC／トナリア／NANONI／Beloved／vividbird／POPPiNG EMO／YUGUREMI／RED-i／iRiNE／unSea ／ 水槽とクレマチス ／ Drawry. ／ hakanai ／ ラストブルー

ライブ 12:10~12:30
特典会 12:40~13:40(並行物販B)

■チケット販売サイト
https://tiget.net/events/438337",CONFIRMED,,20251120T100141Z
7mb51mgsr5jaumf25bkgbdhjes@google.com,2025-11-30,2025-11-30,yes,四谷LOTUS,17:00,17:15,,,,,【イベント】INFINITY LIVE presents『Princeism』,,"11月30日(日)@ 四谷LOTUS
INFINITY LIVE presents『Princeism』
開場 17:00/ 開演 17:15
チケット 優先2,900円 一般 2,400円 当日 2,900円(各+1D)
出演 Drawry. / MEWCATUNE / demipogune / ponderosa may bloom / キキレイレイ / 美味しい水玉 / Layn / 8°世界が変われば、

■チケット販売サイト
https://t.livepocket.jp/e/20251130_night
※チケット発売：11/12(水）22:00先着",CONFIRMED,,20251111T153912Z
74lgh1lr5flp7tvc7maj49238q@google.com,2025-12-01,2025-12-01,yes,渋谷WOMB,17:00,17:30,,,,,"【イベント】『AFTERS PRESENTS. 「Hey, nuts buddy!」』",,"12月1日(月)@ 渋谷WOMBLIVE
『AFTERS PRESENTS. 「Hey, nuts buddy!」』
開場 17:00/ 開演 17:30
チケット 前売2,500円 当日 3,000円(各+1D)
出演 AFTERS / BELLRING少女ハート / Finger Runs / Maison de queen / 校庭カメラガールフィーア / Drawry. / KAMAITACI

■チケット販売サイト
https://t-dv.com/nuts_buddy
※チケット発売：10/31(金)22:00先着",CONFIRMED,,20251126T234403Z
5q145r1lknr22695ok9snsls7p@google.com,2025-12-06,2025-12-06,yes,SHIBUYA RING,15:40,16:00,,,,,【イベント】『澀谷環狀空間』,,"12月6日(土)@ SHIBUYA RING
『澀谷環狀空間』
開場 15:40/  開演 16:00
チケット 前売2,800円 当日 3,800円(各+1D)
出演 I to U $CREAMing!! / KAMAITACI / cowolo / GigiL / Question.VI / zanka / Drawry. / diig / Chalca / vividbird / Malcolm Mask McLaren / RePLAY

■チケット販売サイト
https://ticketvillage.jp/events/13608
※チケット発売：11/14(金）22:00先着",CONFIRMED,,20251125T143707Z
1ldlruj85luujlqjfimsl84qv4@google.com,2025-12-08,2025-12-08,yes,新宿MARZ,18:30,19:00,,,,,【イベント】SHINJUKUMARZ 24th Anniversary UNIVERSE企画『NEW ORDER #無銭NIGHT』,,"12月8日(月)@ 新宿MARZ
SHINJUKUMARZ 24th Anniversary
UNIVERSE企画『NEW ORDER #無銭NIGHT』
開場 18:30/ 開演 19:00
チケット 前売0円 当日 1,000円(各+2D)
出演 会心ノ一撃 / Drawry. / vividbird / yumegiwa last girl

■チケット販売サイト
https://t.livepocket.jp/e/3dy7e
※チケット発売：11/11(火)22:00先着",CONFIRMED,,20251110T131146Z
19t30atdobhrjs68q5j7idngrk@google.com,2025-12-13,2025-12-13,yes,下北沢MOSAiC,16:45,17:00,,,,,【イベント】INFINITY LIVE presents 『WHITEDAYS』,,"12月13日(土)@ 下北沢MOSAiC
INFINITY LIVE presents 『WHITEDAYS』
開場 16:45/ 開演 17:00
チケット 優先2,900円 一般 2,400円 当日 2,900円(各+1D)
出演 雨模様のソラリス / ピューパ!! / LUCY / PANDAMIC / Drawry. / ponderosa may bloom / YUGUREMI / Untitled / YOUR ADVISORY BOARD

■チケット販売サイト
https://t.livepocket.jp/e/20251213_night
※チケット発売：11/28(金)22:30先着",CONFIRMED,,20251127T130102Z
2u17onaqc4ps4nrlplgm6nfd3h@google.com,2025-12-14,2025-12-14,yes,表参道GROUND,11:30,12:00,,,,,【イベント】『TOKYO BEATREC』,,"12月14日(日)@ 表参道GROUND
『TOKYO BEATREC』
開場 11:30 / 開演 12:00
チケット 前売 2,500円 当日 3,500円(各+1D)
出演 AZ-ON / Drawry. / may in film / LEIWAN

■チケット販売サイト
https://ticketvillage.jp/events/13632
※チケット発売：12/3(水)22:00先着",CONFIRMED,,20251130T161245Z
378rcno6pgujok9d0i4g46qpvu@google.com,2025-12-20,2025-12-20,yes,下北沢ADRIFT,11:00,11:30,,,,,【イベント】NEW AGE  ＋ HASYAGE JAPAN 2025 忘年会 『ニューハシャゲ』,,"12月20日(土)@ 下北沢ADRIFT
NEW AGE  ＋ HASYAGE JAPAN 2025 忘年会
『ニューハシャゲ』
開場 11:00/  開演 11:30(予定)
チケット
早割フード付き(フード1品＋高橋ミキ商店 写メ券つき)5,000円
早割通常 4.000円
前売 4,500円 当日 5,000円(各+1D)

■チケット販売サイト
https://t-dv.com/newagehasyage2025
※先行早割チケット発売：11/26(水)19:00先着",CONFIRMED,,20251125T100901Z
77lv07toepr1cip9pr6o8dvjfa@google.com,2025-12-20,2025-12-20,yes,青山RizM,11:00,11:30,,,,,【イベント】脱却presents BREAKING RizMVol.1,,"12月20日(土)@ 青山RizM
脱却presents【 BREAKING RizMVol.1】
開場 11:00 / 開演 11:30
チケット 前売り 2,500円 当日 3,500円(各+1D)
出演 トナリア / Untitled / iRiNE / Drawry.

■チケット販売サイト
https://livepocket.jp/e/mlavi
※チケット発売：12/7(日)22:00先着",CONFIRMED,,20251206T130118Z
5ifkesve1tb54c6mimpfm89pkh@google.com,2025-12-21,2025-12-21,yes,SHIBUYA CYCLONE,11:30,12:00,,,,,【イベント】Drawry.主催イベント「都月ゆめ生誕」,,"12月21日(日)@ shibuya CYCLONE
Drawry.主催イベント「都月ゆめ生誕」
開場 11:30/ 開演 12:00
チケット 前売2,500円 当日 3,000円(各+1D)
出演 Drawry. / KATA☆CHU / 都月ゆめ

■チケット販売サイト
https://livepocket.jp/e/3bq9q
※チケット発売：12/2(火)22:00先着",CONFIRMED,,20251201T100110Z
2l7kpfok8o4n8uipouet57utak@google.com,2025-12-25,2025-12-25,yes,下北沢4会場周遊フェス,16:30,16:45,18:45,19:10,19:35,20:35,【イベント】INFINITY LIVE presents 『ASTROFES 2025 - Xmas Circuit - 』,,"12月25日(木)@ 下北沢4会場周遊フェス
INFINITY LIVE presents
『ASTROFES 2025 - Xmas Circuit - 』
開場 16:30/  開演 16:45
チケット 前売3,400円 当日 4,300円(各+1D)
※特典会：クリスマス仮装
※リストバンド交換はMOSAiCにて16:00〜開始予定

ライブ 18:45~19:10(Flowers Loft)
特典会 19:35~20:35(BRONX STUDIO C)

■チケット販売サイト
https://t.livepocket.jp/e/20251225_xmas
※チケット発売：11/21(金）21:00先着",CONFIRMED,,20251224T073232Z
511ekjeq9qv2jgv1k1uck0e4fs@google.com,2025-12-27,2025-12-27,yes,,,,,,,,(メディア)『TopYellNEO2025~2026』発売,,,CONFIRMED,,20260404T232509Z
4ogp5lilimf7qgf79pm29nkts4@google.com,2025-12-28,2025-12-28,yes,DESEO mini with VILLAGE VANGUARD,10:30,11:15,,,,,【イベント】「LEADING PREMIUM 年末感謝祭'25」,,"12月28日(日)@ 渋谷周辺ライブハウス
「LEADING PREMIUM 年末感謝祭'25」
開場 10:30/  開演 11:15
チケット
・優先エリアチケット 12,000円
・一般チケット 6,500円
・当日チケット 7,500円
※優先エリアはO-EASTのみ

■チケット販売サイト
https://ticketvillage.jp/events/13604
※チケット発売：11/27(木）20:00先着",CONFIRMED,,20251127T110050Z
6af9jc7mtslvh66ud80irfr95l@google.com,2025-12-29,2025-12-29,yes,YOANI LIVE STATION,11:30,11:45,,,,,【イベント】『有田祭〜年末スペシャル〜』,,"12月29日(月)@ YOANI LIVE STATION
『有田祭〜年末スペシャル〜』
開場 11:30 / 開演 11:45
チケット 前方4,000円 一般 2,000円 当日 +¥500(各+1D)
出演 Layn / IBERIs& / il pleut / さとりモンスター / 『TryVII』/ Drawry. / vividbird / メリーパレード / MeliS / ponderosa may bloom / youmenosay / Loulouchouchou / ROY Limited GIRLFRIEND

■チケット販売サイト
https://t-dv.com/aritamavol_19
※チケット発売：12/3(水)22:00先着",CONFIRMED,,20251202T130202Z
76jjdl3suu0ld2v6g5s954igd1@google.com,2025-12-30,2025-12-30,yes,大塚Hearts+,16:30,17:00,,,,,【イベント】日ノ目企画presents“TUESDAYFLIGHT”,,"12月30日(火)@ 大塚Hearts+
日ノ目企画presents“TUESDAYFLIGHT”
開場 16:30/ 開演 17:00
チケット 前売 2,800円 当日 3,300円(各+1D)
出演 AQ / 開歌-かいか- / 水槽とクレマチス / スパンコールグッドタイムズ / Drawry. / PANDAMIC / vividbird / MIC RAW RUGA

■チケット販売サイト
https://t.livepocket.jp/e/hnm1230ohp
※チケット発売：11/28(金)21:00先着",CONFIRMED,,20251128T100035Z
4ku1go9r7pvtv573ro2c90tkpq@google.com,2025-12-31,2025-12-31,yes,下北沢シャングリラ,11:00,11:30,,,,,【イベント】『NEW AGE 2025 FINAL COUNTDOWN』,,"12月31日(水)@ 下北沢シャングリラ
『NEW AGE 2025 FINAL COUNTDOWN』
開場 11:00 / 開演 11:30
チケット 早割3,400円 一般 3,900円 当日 4,500円(各+1D)
出演 さとりモンスター / SOMOSOMO / yumegiwa last girl / われらがプワプワプーワプワ / パピプペポは難しい / HOTALOOP / ROY Limited GIRLFRIEND / 猫の眼に宇宙 / 棘-おどろ- / YOTAKA / may in film / il pleut
 / メルクマールメルマール / PUREMORPH / 会心ノ一撃 / 雨模様のソラリス / Drawry.
※再入場自由

■チケット販売サイト
https://t-dv.com/newage2025finalcountdown
※チケット発売：11/29(土)21:00先着",CONFIRMED,,20251129T032843Z
6fceesfbk9mqoc691bjnbnolv2@google.com,2026-01-01,2026-01-02,yes,,,,,,,,ライブ予定なし,,,CONFIRMED,,20260404T232509Z
3vt395rm7pfuhtjb1sl6po7uqk@google.com,2026-01-03,2026-01-03,yes,Spotify O-WEST,09:00,09:30,09:55,10:20,10:40,12:00,【イベント】「アイドル甲子園 in Spotify O-WEST」-DAY2-,,"新年一発目のライブとなります！
Drawry.からお年玉として、お目当てでご入場いただき特典会の際にチケットご提示で「10秒動画」1枚をお渡しいたします。
※ご利用は当日中となります。

2026年1月3日(土)@ Spotify O-WEST
「アイドル甲子園 in Spotify O-WEST」-DAY2-
開場 9:00 / 開演 9:30
チケット 前売 4,000円 当日 5,000円(各+1D)
※アルコール提供なし
※再入場可（再入場の際に追加ドリンク代なし）

ライブ 9:55~10:20
特典会 10:40~12:00

■チケット販売サイト
https://livepocket.jp/e/aikou_0103w",CONFIRMED,,20251230T013815Z
2ji18l0gcje4a22fnm8qo93599@google.com,2026-01-04,2026-01-04,yes,Spotify O-nest,09:00,09:30,13:00,13:25,13:55,15:05,【イベント】「アイドル甲子園 in Spotify O-nest」 -DAY3-,,"Drawry.からお年玉として、お目当てでご入場いただき特典会の際にチケットご提示で「写メ券」1枚をお渡しいたします。
※ご利用は当日中となります。

2026年1月4日(日)@ Spotify O-nest
「アイドル甲子園 in Spotify O-nest」 -DAY3-
開場 9:00 / 開演 9:30
チケット 前売 4,000円 当日 5,000円(各+1D)
※アルコール提供なし
※再入場可（再入場の際に追加ドリンク代なし）

ライブ 13:00~13:25
特典会 13:55~15:05

■チケット販売サイト
https://livepocket.jp/e/aikou_0104n",CONFIRMED,,20251230T013851Z
57j0rohk6n0tpq7l95pcjh1tub@google.com,2026-01-07,2026-01-07,yes,新宿MARZ,18:30,19:00,19:30,20:00,21:10,22:20,【イベント】SOVA presents 「Owl Nest10」,,"1月7日(水)@ 新宿MARZ
SOVA presents 「Owl Nest10」
開場 18:30 / 開演 19:00
チケット 前売り 3,000円 当日 3,500円(各+1D)
出演 RAY / airattic / ponderosa may bloom / Drawry.

・SOVAおみくじ2026
1回500円・1会計4枚まで
おみくじ2枚同時購入でメンバーランダムで写メ券（トークあり）がつきます。

ライブ 19:30~20:00
コラボ 21:00~21:10
特典会 21:10~22:20

■チケット販売サイト
https://livepocket.jp/e/owl_nest10
※チケット発売：12/3(水)21:30先着",CONFIRMED,,20251230T015117Z
1ub9j9mbgv7c714qm402np7rov@google.com,2026-01-09,2026-01-09,yes,新宿MARZ,18:30,19:00,19:30,20:00,21:00,22:00,【イベント】UNIVERSE企画『NEW ORDER新春SP #無銭NIGHT』,,"2026年1月9日(金)@ 新宿MARZ
UNIVERSE企画『NEW ORDER新春SP #無銭NIGHT』
開場 18:30/ 開演 19:00
チケット 前売0円 当日 1,000円(各+2D)
出演 Untitled / Drawry. / YOUR ADVISORY BOARD / RETRORAIN

ライブ 19:30~20:00
特典会 21:00~22:00

■チケット販売サイト
https://livepocket.jp/e/m48xo
※チケット発売：12/22(月)22:00先着",CONFIRMED,,20251230T015210Z
1fn2a7nv7qkr9mr20c4so5o8tu@google.com,2026-01-11,2026-01-11,yes,下北沢MOSAiC,11:10,11:30,,,,,【イベント】Drawry.主催イベント「雪城とうか生誕」,,"2026年1月11日(日)@ 下北沢MOSAiC
Drawry.主催イベント「雪城とうか生誕」
開場 11:10/ 開演 11:30
チケット 前売2,500円 当日 3,000円(各+1D)
出演 Drawry. / XOXO EXTREME / 雪城とうか

■チケット販売サイト
https://livepocket.jp/e/sevtu
※チケット発売：12/11(木)22:00先着",CONFIRMED,,20251210T101407Z
5lmsml6of0o9g0gnv20ht5vare@google.com,2026-01-12,2026-01-12,yes,DESEO mini with VILLAGE VANGUARD,16:40,16:55,18:35,19:00,19:40,20:40,【イベント】『TOKYO BEATREC』,,"2026年1月12日(月・祝)@ DESEO mini with VILLAGE VANGUARD
『TOKYO BEATREC』
開場 16:40 / 開演 16:55
チケット 前売り 2,800円 当日 3,800円(各+1D)
出演 Untitled/EMPATHY/Question.VI/じゅじゅ/シンダーエラ /vividbird/Drawry./どーぴんぐ疑惑

ライブ 18:35~19:00
特典会 19:40~20:40(並行物販A)

■チケット販売サイト
https://ticketvillage.jp/events/13642",CONFIRMED,,20260105T111613Z
4iiq574jh356jlrraj62jtmhm6@google.com,2026-01-13,2026-01-13,yes,下北沢MOSAiC,19:00,19:30,,,,,【小宵めみソロイベント】「めみちゃんが歌います！」,,"2026年1月13日(火)@ 下北沢MOSAiC
「めみちゃんが歌います！」
開場 19:00/ 開演 19:30
チケット 前売2,500円 当日 3,000円(各+1D)
※小宵めみ ソロでの弾き語りイベントとなります。
※前方のみ椅子がございます。椅子が埋まり次第、立ち見でのご案内となります。

■チケット販売サイト
https://livepocket.jp/e/5_uw8
※チケット発売：11/25(火）22:00先着
※新LivePocketでの販売です。アカウント移行手続きが必要になりますのでご注意ください。",CONFIRMED,,20251124T032945Z
36toor94ufqefi5gjhu0teg6bh@google.com,2026-01-15,2026-01-15,yes,DESEO mini,18:30,19:00,19:00,19:25,20:30,21:30,【イベント】「OBORO」,,"1月15日(木)@ DESEO mini
「OBORO」
開場 18:30 / 開演 19:00
チケット 前売 2,000円 当日 3,000円(各+1D)
出演 YOTAKA / Drawry. / 月刊PAM

ライブ 19:00~19:25
特典会 20:30~21:30

■チケット販売サイト
https://livepocket.jp/e/n05y7
※チケット販売：12/30(火)21:00先着",CONFIRMED,,20251230T021456Z
2p4eh0t8sft8sj56tgc58md205@google.com,2026-01-17,2026-01-17,yes,渋谷Spotify O-Crest,10:30,11:00,11:55,12:20,12:25,13:30,【イベント】『NEW AGE EMO MUGEN 』,,"1月17日(土)@ 渋谷Spotify O-Crest
『NEW AGE EMO MUGEN 』
開場 10:30/ 開演 11:00
チケット 前売2,800円 当日 3,500円(各+1D)
出演 さとりモンスター / さよならステイチューン / diig / アストレイル / AFTERS / YOTAKA / Drawry. / BABYTANTS / ROY Limited GIRLFRIEND

ライブ 11:55~12:20
特典会 12:25~13:30(並行特典会)

■チケット販売サイト
https://t-dv.com/newageemomugen0117d
※チケット発売：1/7(水)22:00先着",CONFIRMED,,20260117T022958Z
57lhuo37r0d3lr1g4ri673idr8@google.com,2026-01-18,2026-01-18,yes,大塚Hearts Next,10:40,11:00,11:50,12:15,13:35,14:35,【イベント】日ノ目企画presents“Fill In Your Blanks”,,"1月18日(日)@ 大塚Hearts Next
日ノ目企画presents“Fill In Your Blanks”
開場 10:40 / 開演 11:00
チケット 前売り 2,500円 当日 3,100円(各+1D)
出演 AVACLUB / キキレイレイ / GREAT MONKEYS / セツナフロート / Drawry. / Buddha TOKYO / ponderosa may bloom / may in film

ライブ 11:50~12:15
特典会 13:35~14:35(並行物販)

■チケット販売サイト
https://livepocket.jp/e/hnm0118ohnday
※チケット発売：12/10(水)21:00先着",CONFIRMED,,20251230T021655Z
19ib1bj5e4ikh6ufvtccn8ggkv@google.com,2026-01-23,2026-01-23,yes,京都ROKA,18:00,18:20,18:45,19:10,21:05,22:05,【関西遠征イベント】日ノ目企画presents“GOLDENEYE“,,"都月ゆめが急遽学業の都合により、ライブの出演時間に間に合わない状況となりました。ライブは他3名での出演となり、都月ゆめは特典会のみ参加予定です。

2026年1月23日(金)@ 京都ROKA
日ノ目企画presents“GOLDENEYE“
開場 18:00/ 開演 18:20
チケット 前売2,500円 当日 3,100円(各+1D)
出演 AFTERS / AQ / ENVY PARANOID / Drawry. / 鳴ル神 / husky

ライブ 18:45~19:10
特典会 21:05~22:05

■チケット販売サイト
https://livepocket.jp/e/hnm0123ge
※チケット発売：12/23(火)19:00先着",CONFIRMED,,20260108T111526Z
6hejs598b1juq1nj5jtdr0srp2@google.com,2026-01-24,2026-01-24,yes,THE LIVE HOUSE soma(大阪・心斎橋),12:00,12:30,13:00,13:28,15:40,16:40,【イベント】こぐまカリーPresents「BEAR CUB CLUB」,,"1月24日(土)@ THE LIVE HOUSE soma(大阪・心斎橋)
こぐまカリーPresents「BEAR CUB CLUB」
開場 12:00/ 開演 12:30
チケット 前売2,500円 当日 3,000円(各+1D)
出演 文坂なの、くぴぽ、cleomery、始発待ちアンダーグラウンド、スワンスワンズ、Drawry.

ライブ 13:00~13:28
特典会 15:40~16:40

■チケット販売サイト
https://livepocket.jp/e/kc_260124
※チケット発売：1/6(火)22:00先着",CONFIRMED,,20260119T093404Z
2ru5ag0eb6benrqj5f9lfsr2h0@google.com,2026-01-24,2026-01-24,yes,心斎橋周辺,,,,,,,【オフ会】『大阪ご飯オフ会』,,"1月24日(土)@ 心斎橋周辺
『大阪ご飯オフ会』
集合・受付 17:50 / 開始 18:00 / 終了 20:00
料金 ¥9,500(飲食・ジュース飲み放題付き(1杯のみお酒注文可)
特典 2ショット写メ撮影券1枚
※時間は予定となります。昼イベントのタイムテーブルに変更が出た場合は前後する可能性がございます。また、詳細はチケット購入者へメールでお知らせとなります。注意事項などはチケットサイトをご確認ください。

■チケット販売サイト
https://livepocket.jp/e/s1bwl
受付：1/11(日)21:00~1/22(木)15:00まで",CONFIRMED,,20260110T130057Z
2vsarhr3gogcmqvephn76cjvoo@google.com,2026-01-25,2026-01-25,yes,心斎橋SUNHALL(大阪),10:30,11:00,13:05,13:28,14:55,16:05,【イベント】こぐまカリーPresents「Mash UP!」,,"1月25日(日)@ 心斎橋SUNHALL(大阪)
こぐまカリーPresents「Mash UP!」
開場 10:30/ 開演 11:00
チケット 前売 3,000円 当日 3,500円(各+1D)
出演 IQ99、AFTERS、いつかの夜に僕たちが、、丑03-USHIMITSU-、AQ、感情線は時をこえて、くぴぽ 、cleomery、Cosmoslay、始発待ちアンダーグラウンド、すーぱーぷーばぁー!!、0番線と夜明け前、ティラミス、Drawry.、NiL、+Alpha、WT☆Egret、LØISLOID

ライブ 13:05~13:28
特典会 14:55 ~16:05

■チケット販売サイト
 https://livepocket.jp/e/kc_260125
※チケット発売：1/14(水)22:00先着",CONFIRMED,,20260119T103100Z
2rgv7j5m5n87ctdg4phvb98uu0@google.com,2026-01-27,2026-01-27,yes,新宿周辺ライブハウス,10:00,10:30,11:40,12:00,12:15,13:15,【イベント】『UTAGE FES Vol.4』,,"1月27日(火)@ 新宿周辺ライブハウス
『UTAGE FES Vol.4』
開場 10:00 / 開演 10:30
チケット 前売 VIP 10,000円 (Tシャツ付) / 一般 2,500円

ライブ 11:40~12:00(Marble)
特典会 12:15~13:15(SHINJUKU ACE 2F)

■チケット販売サイト
https://t-dv.com/0127_UTAGEFES",CONFIRMED,,20260122T113733Z
3teje1p32kf9s2k263v6frte4b@google.com,2026-02-01,2026-02-01,yes,銀座BASE GRANBELL,11:30,12:00,13:40,14:05,14:20,15:20,【イベント】「IDOL☆STAR -LIGHT- Vol.24」,,"2月1日(日)@ 銀座BASE GRANBELL
「IDOL☆STAR -LIGHT- Vol.24」
開場 11:30/ 開演 12:00
チケット VIP:6000円 一般:3000円 当日券:各種+1000円(全種1d)
出演 STU48 / Task have Fun / BELLRING少女ハート / Luce Twinkle Wink☆ / FOKALITE / Ange☆Reve / サクヤコノハナ / NUANCE / I to U $CREAMing!! / yumegiwa last girl / GANDEMIC / YA'ABURNEE / .BPM / I'mew（あいみゅう） / ギガLOVEアップビート / Drawry.
※VIPチケットをお持ちの方は一般エリアでも観覧可能

ライブ 13:40~14:05
特典会 14:20~15:20

#アイドルスター

■チケット販売サイト
https://livepocket.jp/e/yomrk
※チケット発売：1/15(木)22:00先着",CONFIRMED,,20260115T110544Z
31v6ddfp7054c1tun35daca8v5@google.com,2026-02-05,2026-02-05,yes,CHELSEA HOTEL,18:40,19:00,19:30,20:00,21:00,22:00,【イベント】#ﾆｷﾌﾟﾚ『シキサイ。』,,"2月5日(木)@ CHELSEA HOTEL
#ﾆｷﾌﾟﾚ『シキサイ。』
開場 18:40 / 開演 19:00
チケット 前売 2,800円 当日 3,300円(各+1D)
出演 Drawry. / Layn / vividbird / yumegiwa last girl

ライブ 19:30~20:00
特典会 21:00~22:00

■チケット販売サイト
https://livepocket.jp/e/20260205_nikipre
※チケット販売：12/30(火)22:00先着",CONFIRMED,,20251230T094549Z
00oaj2hqh984qel1pgqg4m2pqd@google.com,2026-02-07,2026-02-07,yes,青山RizM,16:40,17:00,18:15,18:40,20:25,21:25,【イベント】『TOKYO BEATREC』,,"2月7日(土)@ 青山RizM
『TOKYO BEATREC』
開場 16:40/ 開演 17:00
チケット 前売2,800円 当日 3,800円(各+1D)
出演 開歌-かいか-/SAZANAMi Λug. /Drawry./NUANCE/PASTEL RADIO/may in film/YUGUREMI /YOTAKA

ライブ 18:15~18:40
特典会 20:25~21:25

■チケット販売サイト
https://ticketvillage.jp/events/13661
※チケット発売：1/13(火)22:00先着",CONFIRMED,,20260119T104333Z
4pe39gbohv2vclor0mo1bdven4@google.com,2026-02-11,2026-02-11,yes,下北沢MOSAiC,11:00,11:15,13:05,13:30,14:50,15:50,【イベント】INFINITY LIVE presents『WHITEDAYS』,,"2月11日(水・祝)@ 下北沢MOSAiC
INFINITY LIVE presents『WHITEDAYS』
開場 11:00/ 開演 11:15
チケット 優先3,100円 前売2,500円 当日 3,200円(各+1D)
出演 YOUR ADVISORY BOARD / Drawry. / ミライズ / HATENO / 夢みるアドレセンス / キキレイレイ / Layn

ライブ 13:05~13:30
特典会 14:50~15:50

■チケット販売サイト
https://t-dv.com/20260211_day
※チケット発売：1/26(月)20:00先着",CONFIRMED,,20260204T090601Z
6cpg54805tv8684pe3cus5fvgi@google.com,2026-02-14,2026-02-14,yes,白金高輪SELENEb2,10:00,10:15,,,,,【イベント】『new story』,,"2月14日(土)@ 白金高輪SELENEb2
『new story』
開場 10:00/ 開演 10:15
チケット 前方エリアチケット 6,000円 一般 3,000円(各+1D)
入場者特典：DECOチョコ
※入場の際に「Drawry.」お目当てで入場いただき、物販の際にスタッフまでお声がけください。
特典会：バレンタインコスプレ

出演 iRiNE / AZ-ON / アストレイル / UNBS / 美味しい曖昧 / オブセス / KAMAITACI / 月刊PAM / CHEMICAL X / 高貴な絶対零度 / KOURiN / CoTei / SHURi / XILUX / シンダーエラ / 月に足跡を残した少女達は一体何を見たのか… / Drawry. / 鳴ル神 / buGG / HATENO / vividbird / Payrin's / ponderosa may bloom / Malcolm Mask McLaren / MiiS / may in film / yumegiwa last girl

■チケット販売サイト
https://livepocket.jp/e/9k8s0",CONFIRMED,,20260213T120148Z
02ofra8f0vn4ggj2p3j2j8rdah@google.com,2026-02-15,2026-02-15,yes,恵比寿CreAto,10:15,10:30,11:45,12:10,13:55,14:55,【イベント】「ソノウチ」,,"2月15日(日)@ 恵比寿CreAto
「ソノウチ」
開場 10:15/ 開演 10:30
チケット 前売2,400円 当日 3,300円(各+1D)
出演 AVACLUB / Untitled / ごいっぷる / Drawry. / PANDAMIC / MARUKADO / 室田瑞希 / YUGUREMI

ライブ 11:45~12:10
特典会 13:55~14:55(終演後特典会)

■チケット販売サイト
https://t-dv.com/260215sonouti
※チケット発売：1/8(木)22:00先着",CONFIRMED,,20260213T040622Z
15j1rs1qsrf3s4t4ikabk1vtg6@google.com,2026-02-17,2026-02-17,yes,Flowers LOFT,18:00,18:30,18:30,18:55,19:00,20:00,【イベント】「アイドルわくくんDAYO! おさんぽ編」,,"2月17日(火)@ Flowers LOFT
「アイドルわくくんDAYO! おさんぽ編」
開場 18:00/ 開演 18:30
チケット 前売2,000円 当日 2,600円(各+1D)
出演 Drawry. / 猫の眼に宇宙 / ROY Limited GIRLFRIEND / may in film / マイナーガール / HOTALOOP

ライブ 18:30~18:55
特典会 19:00~20:00

■チケット販売サイト
https://t-dv.com/idolwakukun217osanpo
※チケット発売：1/30(金)22:00先着",CONFIRMED,,20260130T102240Z
7vq79olojgs7bbrl0tltjjhkjs@google.com,2026-02-21,2026-02-21,yes,DESEO mini with VILLAGE VANGUARD,16:00,16:30,17:55,18:20,18:55,19:55,【イベント】『COLORLiNIX vol.III』,,"2月21日(土)@ SHIBUYA DESEO / DESEO mini
『COLORLiNIX vol.III』
開場 16:00/ 開演 16:30
チケット 前売3,500円 当日 4,000円(各+1D)
出演 アストレイル / 丑03-USHIMITSU- / オブセス / KAMAITACI / CoTei / zanka / XINXIN / Drawry. / 9DayzGlitchClubTokyo / PASTEL RADIO / HATENO / FOKALITE / may in film / RePLAY / √REAL-ルートリアル- / lonlum
※再入場可(追加ドリンク代なし)

ライブ 17:55~18:20(DESEO mini)
特典会 18:55~19:55(並行特典会D)

■チケット販売サイト
 https://livepocket.jp/e/colorlinix_t
※チケット発売：1/28(水)19:00先着",CONFIRMED,,20260214T152625Z
4bjv4t01k1jc9n1umc7862i1bv@google.com,2026-02-22,2026-02-22,yes,池袋リヴォイス,10:40,11:00,13:10,13:35,13:40,14:40,【イベント】『ラジオ大阪Presents GIRLS CIRCUIT LIVE』,,"2月22日(日)@ 池袋リヴォイス
『ラジオ大阪Presents GIRLS CIRCUIT LIVE』
開場 10:40/ 開演 11:00
チケット 前売3,000円 当日 3,500円(各+1D)
出演
IWI! / ideal peco / Amairo-Flip / INSRiA / éclatcia / 上月せれ
な / さくら色のカレンダー / 純情のアフィリア / DA･BAMBI /
Chuu♡Cute / トウトイナ。 / Drawry. / 撫子の音返し / Honey
Devil / Brave Mental Orchestra / べるべっとセンテンス / ポラ
リスマイル / むーぷり / 闇雲 / Like Skip / LarmeR / リルリボ
ン / わんだふるぱれーど！

ライブ 13:10~13:35
特典会 13:40~14:40(並行物販A)

■チケット販売サイト
https://livepocket.jp/e/circuit_20260222
※チケット発売：1/30(金)12:00先着",CONFIRMED,,20260219T034609Z
1dk8k2t5tdo3ue83f1qtj22r5i@google.com,2026-02-23,2026-02-23,yes,SHIBUYA DESEO,11:20,11:50,,,,,【イベント】Drawry.主催イベント「build a family vol.2」,,"2月23日(月・祝)@ SHIBUYA DESEO
Drawry.主催イベント「build a family vol.2」
開場 11:20/ 開演 11:50
チケット 前売2,000円 当日 2,500円(各+1D)
出演 Drawry. / iRiNE / YOTAKA

■チケット販売サイト
https://livepocket.jp/e/build_a_family2
※チケット発売：1/4(日)21:00先着",CONFIRMED,,20260103T100340Z
6t9cq53bvls8d2a6ppfodoq9bm@google.com,2026-02-23,2026-02-23,yes,,,,,,,,会場限定1st EP「First Lines」リリース,,"《収録曲順》
1.Dear,History
2.Blooming(New vocal recording ver.)
3.ラブストーリーが始まらない(Drums recording ver.)
4.Moving Lights!
5.ルミナス(New vocal recording ver.)
6.朝焼けと車窓
7.プライマリ",CONFIRMED,,20260404T232509Z
1cflsrrfv6fusn4986kaa2jrbe@google.com,2026-02-28,2026-02-28,yes,大塚Hearts+,11:00,11:25,11:35,12:00,12:20,13:20,【イベント】RAY presents「GOO!」supported by YOIMACHI,,"2月28日(土)@ 大塚Heats+、Hearts Next、eightdays dining（カフェステージ）、ドリームシアター（物販会場）※複数会場往来自由
RAY presents「GOO!」supported by YOIMACHI
開場 11:00 / 開演 11:25
チケット 前売 通常チケット¥4300、Tシャツ付チケット¥7300 (各1Drink¥600別)

出演 RAY、月刊PAM、ピューパ!!、グデイ、ponderosa may bloom、Drawry.、YOTAKA、ねおち、cleomery(大阪)、anew(山形)、会心ノ一撃、nicora ray ark、0番線と夜明け前(京都)、i_andscape.(仙台)、BELLRING少女ハート、AQ(京都)、airattic、さくまる。(静岡)、校庭カメラガールフィーア、惑星通信社、ネムレス(大阪)、may in film、雨模様のソラリス、YA'ABURNEE、FOKALITE

ライブ 11:35~12:00(大塚Heats+)
特典会  12:20~13:20(ドリームシアターB)
小宵めみ 14:00~14:25(弾き語り)
小宵めみ特典会 14:40~15:40(ドリームシアターB)

■チケット販売サイト
https://livepocket.jp/e/0228goo
※チケット発売：12/12(金)22:00先着",CONFIRMED,,20260220T104930Z
3ij1o7uapnm76jqf3l7vmekr93@google.com,2026-03-01,2026-03-01,yes,四谷LOTUS,16:45,17:00,17:50,18:15,19:00,20:00,【イベント】INFINITY LIVE presents『Princeism』,,"3月1日(日)@ 四谷LOTUS
INFINITY LIVE presents『Princeism』
開場 16:45/ 開演 17:00
チケット 一般 ¥2500 / 優先入場 ¥3100 / 当日券 ¥3100
出演 YUGUREMI / Drawry. / Layn / 棘-おどろ- / i_andscape. / KIRA:MINA / キキレイレイ / ROY Limited GIRLFRIEND / YOUR ADVISORY BOARD

ライブ 17:50~18:15
特典会 19:00~20:00(並行物販)

■チケット販売サイト
 https://t-dv.com/20260301_night
※チケット発売：2/19(木)22:30先着",CONFIRMED,,20260218T114319Z
2sjvs9au52i5810pfis7rsca6k@google.com,2026-03-02,2026-03-02,yes,渋谷近未来会館,19:00,19:20,19:50,20:20,21:20,22:30,【イベント】#ﾆｷﾌﾟﾚ『シキサイ。』,,"3月2日(月)@ 渋谷近未来会館
#ﾆｷﾌﾟﾚ『シキサイ。』
開場 19:00/ 開演 19:20
チケット 前売2,800円 当日 3,300円(各+1D)
出演 Drawry. / iRiNE / YOTAKA / ニコルポップ

ライブ 19:50~20:20
特典会 21:20~22:30

■チケット販売サイト
https://livepocket.jp/e/20260302_nikipre
※チケット発売：2/11(水)22:00先着",CONFIRMED,,20260212T031711Z
7brqedd9v9c5gjgget34h991ch@google.com,2026-03-07,2026-03-07,yes,渋谷CLUB CRAWL,11:00,11:15,12:50,13:15,13:20,14:20,【イベント】INFINITY LIVE presents『CRAWLCRAW』,,"3月7日(土)@ 渋谷CLUB CRAWL
INFINITY LIVE presents『CRAWLCRAW』
開場 11:00/ 開演 11:15
チケット 一般 ¥2500 / 優先入場 ¥3100 / 当日券 ¥3100
出演 YOTAKA / Drawry. / CUBΣLIC / 8°世界が変われば、 / キュニコ / 猫の眼に宇宙

ライブ 12:50~13:15
特典会 13:20~14:20
※ライブ時間が5分早まっておりますので、お間違えがないようにお願いいたします。

■チケット販売サイト 
https://t-dv.com/20260307_day
※チケット発売：2/21(土)22:00先着",CONFIRMED,,20260301T081557Z
45t9d4mp7u13948oe348kphgh1@google.com,2026-03-08,2026-03-08,yes,新宿MARZ,14:40,15:00,15:00,15:30,17:00,18:10,【イベント】INFINITY LIVE presents『FIRST LIGHT - TRINITY RISE - 』,,"3月8日(日)@ 新宿MARZ
INFINITY LIVE presents『FIRST LIGHT - TRINITY RISE - 』
開場 14:40/ 開演 15:00
チケット 優先入場 ¥3,200 / 前売券 ¥2,600 / 当日券 ¥3,200
出演 Untitled / 棘-おどろ- / Drawry. / LUCY

ライブ 15:00~15:30
特典会 17:00~18:10

■チケット販売サイト
 https://t-dv.com/20260308_evening
※チケット発売：2/25(水)20:30先着",CONFIRMED,,20260224T130935Z
50ocbmh00le33kivnrcs75i7vj@google.com,2026-03-09,2026-03-09,yes,,,,,,,,【個人配信】雪城とうか,,"20時にスペースにて配信を行います。

#0328Drawry1stONEMANあるよ",CONFIRMED,,20260404T232509Z
59tdldskrp5gmf77h9vo8efu7m@google.com,2026-03-10,2026-03-10,yes,渋谷近未来会館,18:40,19:00,,,,,【イベント】#ﾆｷﾌﾟﾚ『シキサイ。』,,"3月10日(火)@ 渋谷近未来会館
#ﾆｷﾌﾟﾚ『シキサイ。』
開場 18:40/ 開演 19:00
チケット 前売2,800円 当日 3,300円(各+1D)
出演 cowolo / Drawry. / may in film / NUANCE

■チケット販売サイト
 https://livepocket.jp/e/20260310_nikipre
※チケット発売：2/13(金)22:00先着",CONFIRMED,,20260212T130116Z
7lvnkgvrqeql7ecetbomhamt9p@google.com,2026-03-12,2026-03-12,yes,,,,,,,,【個人配信】都月ゆめ,,"22時にスペースにて配信を行います。

#0328Drawry1stONEMANあるよ",CONFIRMED,,20260404T232509Z
03o6a2s7dfuvl7sc216ibji69b@google.com,2026-03-14,2026-03-14,yes,下北沢ライブハウス 8会場,11:00,12:00,12:30,12:55,13:20,14:20,【イベント】『IDOL FILE CITY CULTURE CIRCUIT 2026』,,"3月14日(土)@ 下北沢ライブハウス 8会場
『IDOL FILE CITY CULTURE CIRCUIT 2026』
開場 11:00 / 開演 12:00
チケット 前売 5,500円(各+1D)

ライブ 12:30~12:55(Flowers LOFT)
特典会 13:20~14:20(下北路線街 空き地G)

■チケット販売サイト
https://livepocket.jp/e/ccc2026
※チケット発売：12/26(金)20:00先着",CONFIRMED,,20260219T090306Z
4gnk8ortbamu12bf9dvm6vimvc@google.com,2026-03-15,2026-03-15,yes,下北沢SHELTER,11:30,12:00,,,,,【イベント】Drawry.主催イベント「小宵めみ生誕」,,"3月15日(日)@ 下北沢SHELTER
Drawry.主催イベント「小宵めみ生誕」
開場 11:30/ 開演 12:00
チケット 前売2,500円 当日 3,000円(各+1D)
出演 Drawry. / 小宵めみ

■チケット販売サイト
https://livepocket.jp/e/8cv81
※チケット発売：1/4(日)22:00先着",CONFIRMED,,20260103T110157Z
23lsbmknnkccumuco1n3svjdaj@google.com,2026-03-17,2026-03-17,yes,,,,,,,,【個人配信】周防七泉,,"22時にスペースにて配信を行います。

#0328Drawry1stONEMANあるよ",CONFIRMED,,20260404T232509Z
1glmsbf0fvl02rc01sph283snh@google.com,2026-03-20,2026-03-20,yes,タワーレコード新宿店,12:30,13:00,,,,,【リリースイベント】タワーレコード新宿店,,"■リリースイベント情報
2026年3月20日(金・祝)
タワーレコード新宿店
13:00スタート(12:30集合)
特典会：タワーエプロン着用
※「整理番号付き入場券」「特典券」をご希望のお客様は、イベント当日開店時よりタワーレコード新宿店9Fレジにてお買い求めください。「特典券」希望の場合は新宿店特典のインスト音源CD-Rは付きませんのでご注意ください。",CONFIRMED,,20260226T105320Z
4p8jnmpuv4254ki49a3jcsjq5m@google.com,2026-03-20,2026-03-20,yes,銀座BASE GRANBELL,13:30,14:00,17:05,17:35,18:35,19:35,【イベント】「IDOLGROW vol.22」,,"3月20日(金・祝)@ 銀座BASE GRANBELL
「IDOLGROW vol.22」
チケット
VIP：5000円
一般：3000円
当日：+1000円 全種+1d
☆VIPチケットをお持ちの方は一般エリアでも観覧可能

ライブ 17:05~17:35
特典会 18:35~19:35

■チケット販売サイト
https://livepocket.jp/e/j1-ac
※チケット発売：3/4(木)22:00先着",CONFIRMED,,20260319T032713Z
63q4t383k4k3it2ichhckg90ha@google.com,2026-03-21,2026-03-21,yes,SHIBUYA RING,10:30,11:00,12:05,12:25,12:35,13:35,【イベント】「LEADING SPRING Circuit」,,"3月21日(土)@ duo MUSIC EXCHANGE / SHIBUYA RING / DESEO mini with VILLAGE VANGUARD
「LEADING SPRING Circuit」
優先エリア ¥7,000 / 一般エリア ¥3,000
※優先エリアはduo MUSIC EXCHANGEのみ

ライブ 12:05~12:25(SHIBUYA RING)
特典会 後日解禁

■チケット販売サイト 
https://ticketvillage.jp/events/13702
先行抽選 2/16(月) 21:00 - 3/9(月) 23:59
一般発売 3/10(火) 21:00 - 3/20(金) 23:59",CONFIRMED,,20260319T100602Z
30j5uccf4prpk1abiqju6u11oi@google.com,2026-03-22,2026-03-22,yes,Flowers Loft,11:00,11:30,13:20,13:45,14:05,15:05,【イベント】『脱却FES 2026』,,"3月22日(日)@ 下北沢シャングリラ / MOSAiC / Flowers LOFT / ERA
『脱却FES 2026』
開場 11:00/ 開演 11:30
チケット 前売 4,000円 当日 5,000円(各+1D)

ライブ 13:20~13:45(Flowers LOFT)
特典会 14:05~15:05(Flowers LOFT A)

■チケット販売サイト
 https://livepocket.jp/e/pfcvp
※チケット発売：2/22(日)21:00先着",CONFIRMED,,20260312T120421Z
08k0a5liifoda13vdm33jav0p1@google.com,2026-03-24,2026-03-24,yes,,,,,,,,【個人配信】小宵めみ,,"21時にスペースにて配信を行います。

#0328Drawry1stONEMANあるよ",CONFIRMED,,20260404T232509Z
5atn8234mqi8est8qaf888q4nk@google.com,2026-03-27,2026-03-27,yes,,,,,,,,【配信】全員,,"19時30分にYouTubeライブにて配信を行います。
https://youtube.com/live/SNogdFaWuLk?feature=share

#0328Drawry1stONEMANあるよ",CONFIRMED,,20260404T232509Z
6b04264e877dvp9qqft2849ra3@google.com,2026-03-28,2026-03-28,yes,Spotify O-Crest,11:20,11:55,,,,,(Sold out)【1st ONEMAN LIVE】「I Believe」,,"※チケット完売※
2026年3月28日(土)@ 渋谷Spotify O-Crest
Drawry.1st ONEMAN LIVE「I Believe」
開場 11:20/ 開演 11:55
チケット Sチケット 6,980円 一般チケット 1,980円 当日券. 2,500円(一般のみ) (各+1D)
Sチケット特典：優先入場/ファストパス付きチェキ券1枚
※当日は混雑が予想されます。お荷物はできるだけコンパクトにしていただきロッカーのご利用、またはご自身でお持ちのうえご観覧ください。床に荷物を置くことはご遠慮ください。収録が入る関係で柵の前に置くことも禁止とさせていただきます。何卒ご協力のほどお願いいたします。

入場順
Sチケット→一般チケット→手売りチケット→最終の追加チケット

■チケット販売サイト
https://livepocket.jp/e/drawry_1st
※追加チケット販売：3/23(月)22:00先着",CONFIRMED,,20260326T130717Z
1049cqce66b9j6aes9qr80dbh9@google.com,2026-03-29,2026-03-29,yes,Flowers Loft,11:00,11:30,18:45,19:10,19:20,20:20,【イベント】『脱却』,,"3月29日(日)@ Flowers Loft
『脱却』
開場 11:00/ 開演 11:30
チケット 前売2,500円 当日 3,500円(各+1D)
出演 会心ノ一撃 / may in film / 月刊PAM / RAY / SOMOSOMO / yumegiwa last girl / HOTALOOP / cowolo / 雨模様のソラリス / YA'ABURNEE / Chalca / 9DayzGlitchClubTokyo / YOTAKA / Drawry. / Noreco

ライブ 18:45~19:10
特典会 19:20~20:20(並行物販)

■チケット販売サイト 
https://livepocket.jp/e/3n99k
※チケット発売：3/12(木)22:00先着",CONFIRMED,,20260324T130955Z
7o1debfvvmqh7tkrhfaffug1jb@google.com,2026-04-01,2026-04-01,yes,,,,,,,,【ファンクラブ】Drawry. Official Site オープン,,"4月1日(水)20:00より
Drawry. Official Site オープン🎉
〈無料コンテンツ〉
・NEWS
・Profile
・SCHEDULE

〈ファンクラブ限定〉
・BLOG
・LIVE配信 ※不定期での個人配信の予定
・グループチャット
・バースデーメッセージ

▼会費
Web決済：月額840円(税込)
アプリ決済：月額1,600円(税込)
※内容は同じのためWeb決済がおすすめです。Web登録後にアプリでログインして使用できます。

▼入会はこちら
https://drawry.bitfan.id
※4/1(水)20:00以降サイトが開けるようになります。",CONFIRMED,,20260401T162153Z
39u2voll41gsharfn8iqkn2gfk@google.com,2026-04-04,2026-04-04,yes,下北沢MOSAiC,11:00,11:30,,,,,【イベント】Drawry.主催イベント「I Believe -After party-」,,"4月4日(土)@ 下北沢MOSAiC
Drawry.主催イベント「I Believe -After party-」
開場 11:00/ 開演 11:30
チケット 優先入場 2,500円 / 一般チケット 500円 / 3月28日ワンマンチケットをお持ちのお客様 0円(各+1D)
入場順
優先入場チケット→3/28チケットをお持ちのお客様→一般チケット

■チケット販売サイト 
https://t-dv.com/nRTusGcuy8dCHffTWbZ9
※チケット発売：3/13(金)21:00先着
※完売した場合でも3/28以降に追加チケットを出します
※チケット購入時、事前にドリンク代を徴収いたします",CONFIRMED,,20260312T100051Z
0nlfb9uouk3m75rvigvkkfd9cj@google.com,2026-04-05,2026-04-05,yes,下北沢Flowers Loft,10:30,10:45,13:15,13:40,13:40,14:40,【イベント】INFINITY LIVE presents『ASTROPUFF』,,"4月5日(日)@ 下北沢Flowers Loft
INFINITY LIVE presents『ASTROPUFF』
開場 10:30/ 開演 10:45
チケット 優先入場¥3100 / 前売券 ¥2500 / 当日券 ¥3200(各+1D)
出演 yumegiwa last girl / THE PINK MINDS / Drawry. / LUCY /トナリア / ponderosa may bloom / 猫の眼に宇宙

ライブ 13:15~13:40
特典会 13:40~14:40

■チケット販売サイト
https://t-dv.com/20260405_flowersloft
※チケット発売：3/17(火) 20:00先着",CONFIRMED,,20260326T122639Z
2v5r8qghdpp13b322f5bungth9@google.com,2026-04-11,2026-04-11,yes,大塚FUTURE:,10:30,10:50,13:20,13:45,14:00,15:00,【イベント】『Buenos días desde Otsuka.』,,"4月11日(土)@ 大塚FUTURE:
『Buenos días desde Otsuka.』
開場 10:30/ 開演 10:50
チケット 前売2,500円 当日 3,500円(各+1D)
出演 il pleut / EMPATHY / CoTei / sus-tain / 戦国アニマル極楽浄土 / Drawry. / HOTALOOP / マイナーガール / Meteorite of the huge ICE / YUGUREMI / YOTAKA

ライブ 13:20~13:45
特典会 14:00~15:00(並行物販)

■チケット販売サイト 
https://ticketvillage.jp/events/13729
※チケット発売：3/16(月) 22:00先着",CONFIRMED,,20260330T104539Z
7jhn9qbr19lt9gh47rucmlocvc@google.com,2026-04-12,2026-04-12,yes,,,,,,,,×,,イベント入る可能性低い,CONFIRMED,,20260404T064805Z
3k8gn3h0etaukbpvhg3jvkierr@google.com,2026-04-14,2026-04-14,yes,渋谷チェルシーホテル,18:30,18:50,20:20,20:50,20:50,22:00,【イベント】#ﾆｷﾌﾟﾚ『シキサイ。』,,"4月14日(火)@ 渋谷チェルシーホテル
#ﾆｷﾌﾟﾚ『シキサイ。』
開場 18:30/ 開演 18:50
チケット 前売2,800円 当日 3,300円(各+1D)
出演 Drawry. / HOTALOOP / MISS MY NOTES / 美味しい水玉

ライブ 20:20~20:50
特典会 20:50~22:00

■チケット販売サイト
https://livepocket.jp/e/20260414_nikipre_2
※チケット発売：4/1(水)22:00先着",CONFIRMED,,20260331T094628Z
0t6gv7f3qcjsa6sgn9pd6l0p15@google.com,2026-04-18,2026-04-19,yes,いわき湯本温泉 旅館こいと,11:25,12:00,12:00,12:25,12:35,13:45,【イベント】エクストロメ‼ presents『トロメ〜湯♨️』,,"4月18日(土),19日(日)@ いわき湯本温泉 旅館こいと
エクストロメ‼ presents『トロメ〜湯♨️』
※1日目(4/18)の特典会では館内浴衣を着用して実施予定となります。

4月18日
開場 11:25/ 開演 12:00
ライブ 12:00~12:25
特典会 12:35~13:45

4月19日
開場 10:20/ 開演 11:00
ライブ 11:30~11:55
特典会 12:05~13:15

※日によって開場・開演が異なります。
●前売り（各+1d）
①通し券；9,800円（S1〜）
発売日時:3/20(金祝) 12:00先着

②DAY1 ；5,500円（A1〜）
発売日時: 3/20(金祝) 12:30先着

③DAY2；5,500円（B1〜）
発売日時: 3/20(金祝) 13:00先着

■チケット販売サイト
https://livepocket.jp/e/8cklr",CONFIRMED,,20260414T143120Z
7tib09ak15b80e85afjs5dmb1f@google.com,2026-04-22,2026-04-22,yes,SHIBUYA CLUB QUATTRO,12:45,13:00,16:05,16:30,16:55,18:05,【イベント】「SOUL」,,"4月22日(水)@ SHIBUYA CLUB QUATTRO 
「SOUL」
開場 12:45/ 開演 13:00
チケット 前方エリア 6,000円 一般 3,000円(各+1D)
出演 airattic / THE ORCHESTRA TOKYO / キングサリ / Kolokol / SITUASION / XINXIN / Tohkei / Drawry. / NUANCE / HIBANA / FOKALITE / PRSMIN / Payrin’s / ponderosa may bloom / Malcolm Mask McLaren / Mirror,Mirror / Maison de Queen / YOLOZ / RePLAY / AFTERS

ライブ 16:05~16:30
特典会 16:55~18:05(並行物販C)

■チケット販売サイト
https://livepocket.jp/e/soul_0422
※チケット発売：3/17(火) 21:00先着",CONFIRMED,,20260415T110442Z
7qq9po5j94vnn1uua8t0cci4ha@google.com,2026-04-24,2026-04-24,yes,新宿MARZ,18:30,19:00,20:30,21:00,21:00,22:00,【イベント】UNIVERSE企画『NEW ORDER #無銭NIGHT』,,"4月24日(金)@ 新宿MARZ
UNIVERSE企画『NEW ORDER #無銭NIGHT』
開場 18:30 / 開演 19:00
チケット 前売 0円 当日 1,000円(各+2D)
出演 キュニコ / Drawry. / YUGUREMI / 会心ノ一撃

ライブ 20:30~21:00
特典会 21:00~22:00

■チケット販売サイト
https://livepocket.jp/e/6zrzo
※チケット販売：3/27(金) 22:00先着",CONFIRMED,,20260326T101158Z
38lopms7ofcq1opqn08hh9s4vf@google.com,2026-04-25,2026-04-25,yes,下北沢MOSAiC,15:10,15:30,16:20,16:45,17:40,18:40,【イベント】『Road to Festival In the Rain2026 #01』 supported by INFINITY LIVE,,"4月25日(土)@ 下北沢MOSAiC
『Road to Festival In the Rain2026 #01』
supported by INFINITY LIVE
開場 15:10/ 開演 15:30
チケット 優先入場 ¥3,100 / 前売券 ¥2,500 / 当日券 ¥3,200(各+1D)
出演 雨模様のソラリス / HOTALOOP / LUCY / Drawry. / スパンコールグッドタイムズ

■チケット販売サイト
https://t-dv.com/20250425_evening
※チケット発売：4/4(土)22:00先着",CONFIRMED,,20260403T132314Z
49g828ivtam7gnftuvn4fsc935@google.com,2026-04-26,2026-04-26,yes,Flowers Loft,10:40,11:00,11:25,11:50,13:35,14:35,【イベント】INFINITY LIVE presents『ASTROPUFF』,,"4月26日(日)@ 下北沢Flowers Loft
INFINITY LIVE presents『ASTROPUFF』
開場 10:40/ 開演 11:00
チケット 優先入場 ¥3,100 / 前売券 ¥2,500 / 当日券 ¥3,200(各+1D)
出演 雨模様のソラリス / THE PINK MINDS / LUCY / HOTALOOP / Drawry. / ゆるめるモ！

■チケット販売サイト 
https://t-dv.com/20260426_day
※チケット発売：4/4(土)20:00先着",CONFIRMED,,20260403T110951Z
28q450ad0b8ffbvl51svuoku7r@google.com,2026-04-27,2026-04-27,yes,,,,,,,,×,,イベント入る可能性低い,CONFIRMED,,20260404T064855Z
754qgre84vqhrd7rgsvbs66gj7@google.com,2026-04-28,2026-04-28,yes,,,,,,,,×,,イベント入る可能性低い,CONFIRMED,,20260404T064834Z
7d1t4stgni2b85hhhmb0sm3orb@google.com,2026-04-29,2026-04-29,yes,新宿LOFT,10:20,10:40,16:40,17:05,17:05,18:05,【イベント】「ソノウチ」,,"4月29日(水・祝)@ 新宿LOFT
「ソノウチ」
開場 10:20/ 開演 10:40
チケット 前売3,400円 / 当日4,000円(各+1D)
出演 AISTEAL / I'mew（あいみゅう） / AFTERS / AQ / 開歌-かいか- / 会心ノ一撃 / キュニコ / GREAT MONKEYS / SHAKE NA BABYS / Gimme!×Gimme! / スーパーベイビーズ / スパンコールグッドタイムズ / SWANTICK / セカイシティ / Drawry. / 二丁目の魁カミングアウト / NUANCE / PANDA CLUB / ピューパ!! /  HOTALOOP / 夢みるアドレセンス / 愛乙女★DOLL

ライブ 16:40~17:05

特典会 17:05~18:05(並行物販C)
■チケット販売サイト
https://t-dv.com/260429sonouti
※チケット発売：4/8(水) 22:00先着",CONFIRMED,,20260421T085551Z
12reii57d663m7ishjkqvc5e6q@google.com,2026-04-30,2026-04-30,yes,新宿MARZ,18:00,18:30,18:55,19:20,20:30,21:30,【イベント】YOTAKA定期公演『Starlight』vol.4,,"4月30日 (木) @新宿MARZ
YOTAKA定期公演『Starlight』vol.4
開場 18:00/ 開演 18:30
チケット 前売2,500円 当日 3,500円(各+1D)
出演 YOTAKA / Drawry. / 雨模様のソラリス / yumegiwa last girl

■チケット販売サイト 
https://t-dv.com/Starlight0430
※チケット発売：4/2(木)22:00先着",CONFIRMED,,20260402T050900Z
12ll26cpes64u8ehs1iqoa0mcr@google.com,2026-05-01,2026-05-01,yes,,,,,,,,×,,イベント入る可能性低い,CONFIRMED,,20260404T065446Z
1h49ri9i9uc06n4h83k2ln8e29@google.com,2026-05-02,2026-05-02,yes,銀座 BASE GRANBELL,12:30,13:00,13:00,13:25,13:30,14:40,【イベント】「KAWAii is not ENOUGH supported by エクストロメ Vol.9」,,"5月2日(土)@ 銀座 BASE GRANBELL
「KAWAii is not ENOUGH supported by エクストロメ Vol.9」
開場 12:30/ 開演 13:00
チケット VIP(下手ソファーエリア) ¥6,000 / 一般 ¥2,800(各+1D)
出演 AFTERS / 美味しい曖昧 / カイジューバイミー / SITUASION / スパンコールグッドタイムズ /selfish / Drawry. / FOKALITE / BELLRING少女ハート / Payrin's / Ringwanderung

ライブ 13:00~13:25
特典会 13:30~14:40(並行物販)

■チケット販売サイト
 https://t-dv.com/kawaii_ine_260502
※チケット発売：4/7(火) 21:30先着",CONFIRMED,,20260406T134906Z
1ptptrg4ssnlrumcsbbms4ilpb@google.com,2026-05-03,2026-05-03,yes,下北沢SHELTER,10:00,10:30,17:40,18:10,18:10,19:10,【イベント】『weekend weekend festa 2026』 ~KAIYU～,,"5月3日(日)@ MOSAiC / SHELTER
『weekend weekend festa 2026』 ~KAIYU～
開場 10:00 / 開演 10:30
チケット 前売 4,900円(各+1D)
※リストバンド交換はMOSAiCにて9:30からとなります。
※再入場自由

ライブ 17:40~18:10(下北沢SHELTER)
特典会 18:10~19:10(並行物販)

■チケット販売サイト
https://ticketdive.com/event/weekendfesta2026",CONFIRMED,,20260428T130231Z
0ke47nogiod10mabibhq9qi9uf@google.com,2026-05-04,2026-05-04,yes,,,,,,,,×,,イベント入る可能性低い,CONFIRMED,,20260404T064909Z
12la00soolf4v31pmhr146vfu5@google.com,2026-05-05,2026-05-05,yes,新宿複数ライブハウス,12:00,13:00,15:45,16:10,16:40,17:40,【イベント】「歌舞伎町UP GATE↑↑2026」,,"5月5日(火・祝)@ 新宿複数ライブハウス
「歌舞伎町UP GATE↑↑2026」
開場 12:00/ 開演 13:00
チケット 各日 7,700円 / 通し券 14,000円

ライブ 15:45~16:10(MARZ)
特典会 16:40~17:40(歌舞伎町タワー17F)

■チケット販売サイト 
http://r10.to/kabukiage2026
※先行抽選受付中：3/15(日)23:59まで",CONFIRMED,,20260424T092245Z
7eecp7t9o5v5rhb1r7i9f4c2b1@google.com,2026-05-06,2026-05-06,yes,下北沢シャングリラ,13:00,13:30,15:30,15:55,17:35,18:35,【イベント】SOVA 10th Anniversary「Owl Decade」,,"5月6日(水)@ 下北沢シャングリラ
SOVA 10th Anniversary「Owl Decade」
開場 13:00/ 開演 13:30
チケット 前売4,000円 当日 5,000円(各+1D)
出演 RAY/Drawry./airattic/ponderosa may bloom/林直大(多次元制御機構よだか) / 瀬名航 / 美味しい曖昧/AQ/ BELLRING少女ハート/I to U $CREAMing!!/hakanai/ピューパ!!/zanka/NaNoMoRaL

ライブ 15:30~15:55
特典会 17:35~18:35(中物販)

■チケット販売サイト
https://livepocket.jp/e/owldec
※チケット発売：4/14(火)22:00先着",CONFIRMED,,20260429T121549Z
5k2maf8bpv2v0uload6t6g8a51@google.com,2026-05-07,2026-05-07,yes,,,,,,,,×,,イベント入る可能性低い,CONFIRMED,,20260404T064917Z
0jgj3sq9a21qrmel6lagkbvbhe@google.com,2026-05-08,2026-05-08,yes,京都ROKA,18:00,18:30,18:30,19:00,20:45,21:55,"【イベント】AQ&0番線と夜明け前 共同企画 ""永久番線""",,"5月8日(金) @京都ROKA
AQ&0番線と夜明け前 共同企画 ""永久番線""
開場 18:00/開演 18:30
前売 3,000円/当日 3,500円(各＋1D)
出演  airattic / AQ / Drawry. / 0番線と夜明け前

ライブ 18:30~19:00
特典会 20:45~21:55

■チケット販売サイト
https://t-dv.com/0508aqbs
※チケット発売：3/31(火)19:00先着",CONFIRMED,,20260330T131409Z
38qmp4io0l0m1kp26fu2sppgku@google.com,2026-05-09,2026-05-09,yes,大阪・心斎橋エリアライブハウス8会場,11:30,12:00,12:10,12:35,12:55,14:10,【イベント】「MAWA LOOP OSAKA 2026」,,"5月9日(土)@ 大阪・心斎橋エリアライブハウス8会場
「MAWA LOOP OSAKA 2026」
チケット
◆1dayチケット：7,300円
◆ライブハウス入場整理券：500円
※Drawry.は5/9のみの出演となります。

ライブ 12:10~12:35(BEYOND)
特典会 12:55~14:10(SUNHALL)

■チケット販売サイト
https://eplus.jp/mawaloop/

■マワループアプリ 
http://mawaloop.link.fespli.com

#マワループ",CONFIRMED,,20260507T100953Z
20lr53d6cnghhjm8kj524sgq2q@google.com,2026-05-10,2026-05-10,yes,,,,,,,,×,,イベント入る可能性低い,CONFIRMED,,20260404T064927Z
2tueejbhjed2f7prv9j6843i4l@google.com,2026-05-13,2026-05-13,yes,WOMB LIVE,15:30,15:50,15:50,16:15,16:25,17:25,【イベント】「Creora supported by My-th」,,"5月13日(水)@ WOMB LIVE
「Creora supported by My-th」
開場 15:30/ 開演 15:50
チケット 前方 ¥5,500 / 一般¥2,500 / 当日各+¥1,000（各D代別）(各+1D)
出演 selfish / zanka / hakanai / FOKALITE / airattic / 美味しい曖昧 / クマリデパート / Drawry. / Ma’Scar’Piece / RePLAY / フューチャーサイダー / KAMAITACI

ライブ 15:50~16:15
特典会 16:25~17:25(並行物販A)

■チケット販売サイト
https://user.my-th.jp/tickets/event/creora_20260513
※チケット発売：4/24(金)21:00先着",CONFIRMED,,20260423T120201Z
2q7874nk16e3to2hr6gvdvrmsf@google.com,2026-05-15,2026-05-15,yes,新宿MARZ,18:50,19:10,20:25,20:50,21:00,22:30,【イベント】「エンジョイナス!!」,,"5月15日(金)@ 新宿MARZ
「エンジョイナス!!」
開場 18:50/ 開演 19:10
チケット 前売2,000円 当日 2,600円(各+1D)
出演 Drawry. / iRiNE / UNDO / 開歌-かいか-

■チケット販売サイト
 https://livepocket.jp/e/5s0vd
※チケット発売：4/17(金)22:00先着",CONFIRMED,,20260416T131759Z
774f3gm08v18v0k68uak0j9m1v@google.com,2026-05-16,2026-05-16,yes,,,,,,,,×,,イベント入る可能性低い,CONFIRMED,,20260515T170148Z
79crqdn1halico03dmpjo0sgsn@google.com,2026-05-17,2026-05-17,yes,青山RizM,10:50,11:10,13:45,14:10,14:35,15:45,【イベント】『TOKYO BEATRECmini』,,"【イベント情報】
5月17日(日)@ 青山RizM
『TOKYO BEATRECmini』
開場 10:50/ 開演 11:10
チケット 前売 2,800円 当日 3,800円(各+1D)
出演 HATENO / じゅじゅ / シンダーエラ / Drawry. / PUREMORPH / メルクマールメルマール / 縷々 / Lion net girl

ライブ 13:45~14:10
特典会 14:35~15:45
 
■チケット販売サイト
 ticketvillage.jp/events/13764
※チケット発売：4/26(日）22:00先着",CONFIRMED,,20260512T100056Z
1jkqqc6qn7mve8hgt7c7bsb7kb@google.com,2026-05-20,2026-05-20,yes,SHIBUYA CLUB QUATTRO,13:00,13:15,15:40,16:05,16:25,17:35,【イベント】「SOUL」,,"5月20日(水)@ SHIBUYA CLUB QUATTRO
「SOUL」
開場 13:00/ 開演 13:15
チケット 前方エリア 6,000円 一般 3,000円(各+1D)
出演
アストレイル / AFTERS / airattic / KAMAITACI / http://Question.VI / ジエメイ
SITUASION / じゅじゅ / XINXIN / シンダーエラ / Drawry. / NUANCE
HIBANA / FOKALITE / Payrin's / ponderosa may bloom
Malcolm Mask McLaren / Maison de Queen / LUVRiX

ライブ 15:40~16:05
特典会 16:25~17:35(並行物販A)
 
■チケット販売サイト
 https://livepocket.jp/e/soul-520
※チケット発売：4/28(火）18:00先着",CONFIRMED,,20260513T014224Z
2mfm8ok0bvjkhg6tt3j86si2mk@google.com,2026-05-22,2026-05-22,yes,下北沢 近道,19:00,19:30,,,,,【小宵めみソロイベント】「めみちゃんが歌います！」@下北沢近道,,"5月22日(金)@ 下北沢 近道
「めみちゃんが歌います！」
開場 19:00/ 開演 19:30
本編終了 20:40(予定) 特典会終了 22:00(予定)
チケット 前売2,500円 当日 3,000円(各+1D)
※小宵めみ ソロでの弾き語りイベントとなります。
※前方のみ椅子がございます。椅子が埋まり次第、立ち見でのご案内となる場合がございます。

■チケット販売サイト
https://t-dv.com/memi02
※チケット発売：4/7(火）22:30先着",CONFIRMED,,20260513T101725Z
3bssileq74769rvml92sd5mqi3@google.com,2026-05-23,2026-05-24,yes,三崎公園野外音楽堂(福島県いわき市),11:00,11:30,11:30,11:55,12:05,13:05,【イベント】「リーディング エクストロメ‼」,,"5月23日(土),24日(日)@ 三崎公園野外音楽堂(福島県いわき市)
「リーディング エクストロメ‼」
両日 開場 11:00/ 開演 11:30 ※両日19:00頃終演予定
チケット各日 前売4,500円 当日 5,500円(各+1D)

23日
ライブ 11:30~11:55
特典会 12:05~13:05(並行物販A)

24日ライブ 12:45~13:10
特典会 13:20~14:20(並行物販A)

●両日出演
AFTERS
BELLRING少女ハート
diig
Drawry.
FOKALITE
I to U $CREAMing!!
カイジューバイミー
きのホ。
校庭カメラガールフィーア
クマリデパート
.LiNIXLiNE.
スパンコールグッドタイムズ

●23日のみ出演
anew
NUANCE
折原伊桜
SHAKEBE
SITUASION

●24日のみ出演
i_andscape
LiVS
MID POP
RAY
ゆるめるモ！

■チケット販売サイト https://livepocket.jp/e/prf62 ※チケット発売：4/11(土)22:00先着",CONFIRMED,,20260421T093136Z
0mu35iin3pog42mouiekelhg4r@google.com,2026-05-28,2026-05-28,yes,渋谷近未来会館,18:40,19:00,19:30,20:00,21:10,22:20,【イベント】#ﾆｷﾌﾟﾚ『シキサイ。』,,"5月28日(木)@ 渋谷近未来会館
#ﾆｷﾌﾟﾚ『シキサイ。』
開場 18:40/ 開演 19:00
チケット 前売2,800円 当日 3,300円(各+1D)
出演 Drawry. / hakanai / iCON! / I MY ME MINE

■チケット販売サイト
https://ticketdive.com/event/20260528_nikipre
※チケット発売：4/9(木)22:00先着",CONFIRMED,,20260408T090611Z
5umnd8ontb2tufoug82d9lent7@google.com,2026-05-30,2026-05-30,yes,Spotify O-Crest,11:25,11:50,12:40,,13:20,14:30,【イベント】Drawry.主催イベント「build a family vol.3」,,"5月30日(土)@ 渋谷Spotify O-Crest
Drawry.主催イベント「build a family vol.3」
開場 11:25/ 開演 11:50
チケット 前売2,300円 当日 3,000円(各+1D)
出演 Drawry. / AFTERS / ゆるめるモ！
 
■チケット販売サイト
 https://t-dv.com/build-a-family-vol3
※チケット発売日：5/3(日)22:00先着",CONFIRMED,,20260502T121214Z
0clk2l3bh445di8ek1hpr1gab6@google.com,2026-05-31,2026-05-31,yes,,,,,,,,×,,イベント入る可能性低い,CONFIRMED,,20260520T021638Z
1dgjuambp8pi6iaijg4qnnap0n@google.com,2026-06-03,2026-06-03,yes,新宿MARZ,18:30,19:00,19:00,19:30,21:00,22:00,【イベント】UNIVERSE企画『NEW ORDER #無銭NIGHT』,,"6月3日(水)@ 新宿MARZ
UNIVERSE企画『NEW ORDER #無銭NIGHT』
開場 18:30/ 開演 19:00
チケット 前売0円 当日 1,000円 (各+2D)
出演 NUANCE / AFTERS / 月刊PAM / Drawry.

ライブ 19:00~19:30
特典会 21:00~22:00

■チケット販売サイト
 https://livepocket.jp/e/o6fd6
※チケット発売日：5/16(土) 22:30先着",CONFIRMED,,20260515T151310Z
166s6kmodrv21fir7vbdgh4m61@google.com,2026-06-06,2026-06-06,yes,下北沢シャングリラ,10:30,11:00,14:40,15:10,15:25,16:25,【イベント】INFINITY LIVE presents『ASTRO CIRCLE 2026』,,"6月6日(土)@ シャングリラ / Flowers LOFT / ERA / MOSAiC / 下北線路街空き地
INFINITY LIVE presents『ASTRO CIRCLE 2026』
チケット
・COMPLETE TICKET ¥8,400
（ASTRO CIRCLE 2026 限定オリジナルTシャツ / ASTRO CIRCLE 2026限定 ラバーバンド）
・STANDARD TICKET ¥4,400(各+1D)
※リストバンド交換は10:30〜 下北線路街空き地にて

ライブ 14:40~15:10(シャングリラ)
特典会 15:25~16:25(空き地B)

 ■チケット販売サイト 
https://t-dv.com/ASTROCIRCLE2026
※チケット発売日：5/6(水)20:00先着",CONFIRMED,,20260530T114029Z
4itp0da8nsa9im9c4rp44bf5ne@google.com,2026-06-07,2026-06-07,yes,下北沢MOSAiC,11:00,11:30,18:20,18:50,19:00,20:00,【イベント】『パピムズFES2026 ミニサーキット Supported by WEEKEND INFNITY』,,"6月7日(日)@ 下北沢4会場(シャングリラ/Flowers LOFT/ERA/MOSAiC)
『パピムズFES2026 ミニサーキット Supported by WEEKEND INFNITY』
開場 11:00/ 開演 11:30予定
チケット
お楽しみVIPチケット¥12000(パピムズFES2026Tシャツ、パピムズFESパスステッカー付き)
一般チケット¥4600
当日チケット¥5600
※リストバンド交換開始10:30(FlowersLOFT)

ライブ 18:20~18:50(MOSAiC)
特典会 19:00~20:00(MOSAiC 1F)
※他出演者様の告知画像で出演時間が異なる画像がございますが、こちらの時間が正しい時間となります。

■チケット販売サイト
https://t-dv.com/papimuzfes2026miinicircuit",CONFIRMED,,20260607T073941Z
7jr17h4djpn22fstfcpdkvtsko@google.com,2026-06-10,2026-06-10,yes,Shibuya Milkyway,16:30,17:00,20:05,20:35,20:40,21:50,【イベント】#ﾆｷﾌﾟﾚ『カンシャサイ。-夏-』,,"6月10日(水)@ 渋谷音楽堂/Shibuya Milkyway/SHIBUYA THE GAME/STAR LOUNGE/CHELSEA HOTEL/GARRET UDAGAWA/SHIBUYA CYCLONE
#ﾆｷﾌﾟﾚ『カンシャサイ。-夏-』
開場 16:30/ 開演 17:00
チケット チケット ¥5,300 (+1D)
※当イベントにおける全券種に整理番号はございません。
※リストバンド交換 15:00(整列開始14:30)

ライブ 20:05~20:35(Shibuya Milkyway)
特典会 20:40~21:50(Shibuya Milkyway)
 
■チケット販売サイト
https://ticketdive.com/event/20260610_nikipre
※超先行チケット発売期間：4/30(木)23:59まで",CONFIRMED,,20260522T123708Z
68cbd9c63topp4ahqqt17h1519@google.com,2026-06-13,2026-06-13,yes,銀座BASE GRANBELL,10:30,11:00,14:35,15:05,15:20,16:20,【イベント】「IDOLGROW vol.25」,,"6月13日(土)@ 銀座BASE GRANBELL
「IDOLGROW vol.25」
開場 10:30/ 開演 11:00
チケット
VIPチケット：5000円
一般チケット：3000円
当日券:+500円 全種+1d
☆VIPチケットをお持ちの方は一般エリアでも観覧可能 

ライブ 14:35~15:05
特典会 15:20~16:20(スペース:B)
 
■チケット販売サイト 
https://livepocket.jp/e/025dg
※チケット発売日：5/24(日) 22:00先着",CONFIRMED,,20260607T073929Z
22csfqo9vun3t4lj1g7dtugvks@google.com,2026-06-14,2026-06-14,yes,新宿8会場,11:30,12:00,15:45,16:15,16:25,17:25,【イベント】新宿周遊FES『UNIVERSE × 脱却』,,"6月14日(日)@ 新宿8会場
新宿周遊FES『UNIVERSE × 脱却』
開場 11:30/ 開演 12:00
チケット 前売5,000円 (+1D)
※リストバンド交換 10:30~(新宿LOFT)

ライブ 15:45~16:15(新宿LOFT)
特典会 16:25~17:25(新宿LOFT bar A)

■チケット販売サイト
https://livepocket.jp/e/s_5yb
※チケット発売日：5/16(土) 22:00先着",CONFIRMED,,20260608T120214Z
03h3su3dk69vthm6i80ork7q4f@google.com,2026-06-15,2026-06-15,yes,代官山UNITがあります。ぜひ！,,,,,,,×,,"ライブ予定なし
Drawry.主催イベント「build a family vol.2」に出演いただいたiRiNEさんワンマン@代官山UNITがあります。ぜひ！",CONFIRMED,,20260527T095621Z
0illn2euoo2v69h5udgsr977fq@google.com,2026-06-18,2026-06-18,yes,,,,,,,,×,,"ライブ予定なし
Drawry.主催イベント「build a family vol.2」に出演いただいたYOTAKA現体制終了ライブあり。",CONFIRMED,,20260527T160730Z
7qplovd5bbgd2nerhg77jv4q6v@google.com,2026-06-20,2026-06-20,yes,,,,,,,,×,,イベント入る可能性低めです。,CONFIRMED,,20260614T102910Z
375r8mf2jg0plcgb17l7cqaq45@google.com,2026-06-21,2026-06-21,yes,渋谷音楽堂,11:00,11:30,18:50,19:13,21:05,22:15,【イベント】こぐまカリー主催「Spice it Up」,,"6月21日(日)@ 渋谷音楽堂
こぐまカリー主催「Spice it Up」
開場 11:00/ 開演 11:30
チケット 前売3,800円 当日 4,300円(各+1D)
出演 I to U $CREAMing!!、unSea、折原伊桜、カイジューバイミー、カラフルスクリーム、九州女子翼、cleomery、月刊PAM、CYNHN、Drawry.、NUANCE、PIGGS、FOKALITE、YA'ABURNEE、LUVRiX  

ライブ 18:50~19:13
特典会 21:05~22:15

■チケット販売サイト
https://t-dv.com/kc20260621
※チケット発売日：5/27(水) 22:00先着",CONFIRMED,,20260601T094216Z
7i2fonpegqn7cml77g8ukm1tkc@google.com,2026-06-22,2026-06-22,yes,下北沢SHELTER,18:50,19:15,20:15,,20:50,22:05,【イベント】SOVA presents「Next Challengers」,,"6月22日(月)@ 下北沢SHELTER
SOVA presents「Next Challengers」
開場 18:50/ 開演 19:15
チケット 前売0円 当日 500円(各+2D)
出演 Drawry. / ponderosa may bloom / 月刊PAM

■チケット詳細・販売サイト
https://t-dv.com/SOVA_NextChallengers_01
※チケット発売：5/15(金)22:30先着~ 6/22(月)18:50まで",CONFIRMED,,20260514T100235Z
7si6al2k3m9vo9047ogr2iikhd@google.com,2026-06-25,2026-06-25,yes,渋谷近未来会館,18:40,19:00,19:00,19:30,21:10,22:20,【イベント】#ﾆｷﾌﾟﾚ『シキサイ。』,,"6月25日(木)@ 渋谷近未来会館
#ﾆｷﾌﾟﾚ『シキサイ。』
開場 18:40/ 開演 19:00
チケット 前売2,800円 当日 3,300円(各+1D)
出演 Drawry. / myojou / selfish / 透色ドロップ
お目当て特典：写メ券
 
ライブ 19:00~19:30
特典会 21:10~22:20",CONFIRMED,,20260623T121925Z
6fcn73k45ih2t9cbtfb32noiak@google.com,2026-06-27,2026-06-27,yes,TFTホール 1000・500・300,09:30,10:00,13:35,13:55,14:15,15:35,【イベント】「アイドル甲子園 FESTIVAL 2026」supported by My-th -DAY1-,,"6月27日(土)@ TFTホール 1000・500・300
「アイドル甲子園 FESTIVAL 2026」supported by My-th -DAY1-
開場 9:30/ 開演 10:00
チケット 前方エリアチケット11,000円 一般エリアチケット 5,500円(1D代込)
※前方エリアの設置はホール1000のみとなります。
※チケット代に1ドリンク代が含まれています。
※再入場可。追加ドリンク代なし。

ライブ 13:35~13:55(TFTホール300)
特典会 14:15~15:35(TFTホール300・K)

■チケット販売サイト
https://user.my-th.jp/tickets/event/ikoufes_0627
※チケット発売：6/4(木)21:00先着",CONFIRMED,,20260617T111629Z
6mc2873slrl4snv3tvqqtti42q@google.com,2026-06-28,2026-06-28,yes,新宿MARZ,10:45,11:10,12:10,,12:50,14:00,【イベント】Drawry.主催イベント「周防七泉生誕」,,"6月28日(日)@ 新宿MARZ
Drawry.主催イベント「周防七泉生誕」
開場 10:45/ 開演 11:10
チケット 前売2,500円 当日 3,000円(各+1D)
出演 Drawry. / 8°世界が変われば、/ キュニコ / 周防七泉
 
■チケット販売サイト
 https://t-dv.com/sevtu2s
※チケット発売日：5/25(月) 22:30先着",CONFIRMED,,20260524T120222Z
4us6cemvr78cquc3bccpb2epab@google.com,2026-06-29,2026-06-29,yes,大塚Hearts+,19:00,19:30,,,,,【小宵めみ出演イベント】「SOVA弾き語り部 vol.2」,,"6月29日(月)@ 大塚Hearts+
「SOVA弾き語り部 vol.2」
開場 19:00/ 開演 19:30
チケット 前売3,000円 当日 3,500円(各+1D)
出演
琴山しずく(RAY)
小泉日菜莉(airattic)
百瀬円香(airattic)
花丘くれは(ponderosa may bloom)
小宵めみ(Drawry.)

■チケット販売サイト
https://t-dv.com/SOVAvol2
※チケット発売：4/13(水)21:00先着",CONFIRMED,,20260512T120136Z
77m613nvgfr9po9i4vc28thfgg@google.com,2026-07-02,2026-07-02,yes,SHIBUYA PLEASURE PLEASURE,15:45,16:00,19:00,19:25,19:45,20:55,【イベント】『PLEASURE TIME』,,"7月2日(木)@ SHIBUYA PLEASURE PLEASURE
『PLEASURE TIME』
開場 15:45/ 開演 16:00
チケット 前方エリアチケット4,500円 一般 2,000円(各+1D)
出演 UNDO / SHINKA↑ / 透色ドロップ / SCRAMBLE SMILE / Drawry. / なんキニ！ / Noreco / フィルフェリーチェ / Hey!Mommy! / mementoa / LUVRiX / ルルネージュ
※アルコール提供なし
※再入場可(追加ドリンク代なし)

ライブ 19:00~19:25
特典会 19:45~20:55(並行物販B)

■チケット販売サイト
https://livepocket.jp/e/0702_pt
※チケット発売：6/19(金)18:00先着",CONFIRMED,,20260624T092221Z
5ucipdekqh4ji4clnvrgume95e@google.com,2026-07-04,2026-07-04,yes,渋谷WOMB,11:00,11:30,12:00,12:25,12:35,13:45,【イベント】『NANCY 10th Anniversary「NANCY TANOCY PARTY」』,,"7月4日(土)@ 渋谷WOMB
『NANCY 10th Anniversary「NANCY TANOCY PARTY」』
開場 11:00/ 開演 11:30
出演 RAY / BELLRING少女ハート / FOKALITE / 水槽とクレマチス / きゅるりん♡ふれーばー /Re:INCARNATION / FR2PON! / Drawry. / SAKA-SAMA

ライブ 12:00~12:25
特典会 12:35~13:45(1F-A)

■チケット(各+1D)
①Tシャツ（M〜2XL）付(+優先入場) _¥6,400
https://livepocket.jp/e/nancy0704tee
発売_6/11木 22:00~6/16火 17:00
※おひとり様1枚まで（複数回申し込み可）

②一般 _¥3,000
https://livepocket.jp/e/nancy0704
発売_6/11木 22:00~7/3金 23:59
※おひとり様2枚まで（複数回申し込み可）",CONFIRMED,,20260613T100219Z
1u4c86a5cq0aghjcdsbe0j13pj@google.com,2026-07-05,2026-07-05,yes,KANDA SQUARE HALL,10:00,10:15,15:10,15:30,15:40,16:40,【イベント】『GLiTTRE～Girl’s LiT Trend～』,,"7月5日(日)@ KANDA SQUARE HALL
『GLiTTRE～Girl’s LiT Trend～』
開場 10:00/ 開演 10:15
チケット Sエリア（前方エリア） 5,000円　Aエリア（一般エリア） 3,000円(各+1D)

ライブ 15:10~15:30
特典会 15:40~16:40(並行物販A)

■チケット販売サイト
https://livepocket.jp/e/glittre_260705
※チケット発売：6/26(土)21:00先着",CONFIRMED,,20260704T072701Z
34u9mtfo3j7sugj6h70jvn69ad@google.com,2026-07-09,2026-07-09,yes,新代田FEVER,18:45,19:15,19:40,20:05,21:25,22:25,"【イベント】「""hyperproof"" vol.24」",,"7月9日(木)@ 新代田FEVER
「""hyperproof"" vol.24」
開場 18:45/ 開演 19:15
チケット 前売3,000円 当日 3,500円(各+1D)
出演 ピューパ!! / NUANCE / スパンコールグッドタイムズ / MID POP / Drawry.

ライブ 19:40~20:05
特典会 21:25~22:25

■チケット販売サイト
https://livepocket.jp/e/hyperproof24
※チケット発売：6/22(月)21:00先着",CONFIRMED,,20260701T104746Z
5ht7itop0o99jigu99i5l8mao1@google.com,2026-07-11,2026-07-11,yes,渋谷ベルサールガーデン含む複数会場,09:00,09:30,17:45,18:05,18:20,19:20,【イベント】『SPARK 2026 渋谷納涼祭』,,"7月11日(土)@ 渋谷ベルサールガーデン含む複数会場
『SPARK 2026 渋谷納涼祭』
開場 9:00 / 開演 9:30
チケット
VIP 15,000円 / 一般 4,000円(各+1D)
※リストバンド交換 ベルサール渋谷ガーデン8:00から
※全会場前方エリアあり

ライブ 17:45~18:05(チェルシーホテル)
特典会 18:20~19:20(特典会スペースR)
縁日　 20:35~21:25(縁日ブース13)

ライブ会場：チェルシーホテル
東京都渋谷区宇田川町４−７ トウセン宇田川町ビル B1

特典会会場：VIZEL
東京都渋谷区宇田川町１２−３ 1F

縁日会場：ベルサール渋谷
東京都渋谷区南平台町16-17 住友不動産渋谷ガーデンタワー
 
■チケット販売サイト
http://t-dv.com/spark2026_summer",CONFIRMED,,20260710T092818Z
1bnt4c0buhjueioos0pn03os6t@google.com,2026-07-12,2026-07-12,yes,渋谷ベルサールガーデン含む複数会場,09:00,09:30,12:55,13:15,13:30,14:30,【イベント】『SPARK 2026 渋谷納涼祭』,,"7月12日(日)@ 渋谷ベルサールガーデン含む複数会場
『SPARK 2026 渋谷納涼祭』
開場 9:00 / 開演 9:30
チケット
VIP 15,000円 / 一般 4,000円(各+1D)
※こちらの日程は縁日なし
※全会場前方エリアあり

ライブ 12:55~13:15(Studio Freedom)
特典会 13:30~14:30(特典会スペースE)

ライブ会場：Studio Freedom
東京都渋谷区道玄坂２丁目２３−１２ 2F

特典会会場：Z MARUYAMA
東京都渋谷区円山町２−４ ドクタージーカンズビル 1F
 
■チケット販売サイト
http://t-dv.com/spark2026_summer",CONFIRMED,,20260710T092128Z
23juvc6cscpl652fem1rt584nq@google.com,2026-07-17,2026-07-17,yes,アメリカ村DROP,16:30,17:00,19:40,20:10,20:50,22:00,【イベント】#ﾆｷﾌﾟﾚ『オオサカッ!! -真夏、三陣。-』,,"7月17日(金)@ 心斎橋SUNHALL/アメリカ村DROP/アメリカ村BEYOND
#ﾆｷﾌﾟﾚ『オオサカッ!! -真夏、三陣。-』
開場 16:30/ 開演 17:00
チケット4,000円(各+1D)

ライブ 19:40~20:10(DROP)
特典会 20:50~22:00(DROP)

■チケット販売サイト
https://t-dv.com/20260717_nikipre_osaka
※本公演における整理番号はございません。",CONFIRMED,,20260706T100201Z
3ha5dto0fdsuvgnlftsapq0kts@google.com,2026-07-18,2026-07-18,yes,大阪•心斎橋SUNHALL,11:00,11:30,11:55,12:18,15:00,16:10,【イベント】こぐまカリー主催「Mash UP!」,,"7月18日(土)@ 大阪•心斎橋SUNHALL
こぐまカリー主催「Mash UP!」
開場 11:00/ 開演 11:30
チケット 前売3,500円 当日 4,000円(各+1D)
出演 AZ-ON、AQ、カイジューバイミー、月刊PAM、スキトオルアオ、スパンコールグッドタイムズ、0番線と夜明け前、Drawry.、9DayzGlitchClubTokyo、鳴ル神、NUANCE、PASTEL RADIO、FOKALITE、YA'ABURNEE、RAY、れいてんご、LØISLOID

ライブ 11:55~12:18
特典会 15:00~16:10

■チケット販売サイト
https://t-dv.com/kc20260718
※チケット発売：6/4(木)22:00先着",CONFIRMED,,20260629T103435Z
7gmr4d9l3d7cov5ujq2st5lsr9@google.com,2026-07-18,2026-07-18,yes,心斎橋周辺,,,,,,,ボウリングオフ会,,"7月18日(土) @ 心斎橋周辺
Drawry.大阪ボウリングオフ会
受付開始/18:45 開始予定/19:00
参加料金 8,500円(ボウリング2ゲーム代・靴代・ソフトドリンク飲み放題・写メ1枚込)
衣装：私服
※詳細は開催前までにメールでお送りさせていただきます。

■販売サイト
https://t-dv.com/OjkRiAT3WZKDacgCEEF2
※チケット発売：7/4(土)22:00先着",CONFIRMED,,20260704T112033Z
44e7grqjdha5qsd0av0dfr8ush@google.com,2026-07-18,2026-07-18,yes,,,,,,,,私服特典会,,"7月18日(土) 17:30〜18:30 
会場：ふれあい貸し会議室 心斎橋DH 
住所：大阪府大阪市中央区西心斎橋1-10-5 DHビル4階 南東部屋
※会場内へのご案内は17:25からとなります。時間より早くご入場はご遠慮ください。

入場無料となります！ライブ後、ぜひ私服特典会にもお越しください。

【注意事項】
・18:30に終了予定となり、列状況によりますが18:15頃には受付を終了する場合がございます。参加予定の方はお早めにお並びください。
・会場スペースには限りがございますので、特典会に参加予定のない方のご入場はご遠慮ください。
※お酒の持ち込みは一切禁止となります。ゴミが出た場合は持ち帰りにご協力お願いいたします。また、禁煙となっております。",CONFIRMED,,20260705T113354Z
7ducc7c1gipa4dkrhv02ui6qkf@google.com,2026-07-19,2026-07-19,yes,アメリカ村BEYOND,11:00,11:30,16:15,16:38,17:15,18:15,【イベント】こぐまカリー主催「Spice it Up」,,"7月19日(日)@ アメリカ村BEYOND
こぐまカリー主催「Spice it Up」
開場 11:00/ 開演 11:30
チケット 前売3,000円 当日 3,500円(各+1D)
出演 I to U $CREAMing!!、いつかの夜に僕たちが、、AQ、カイジューバイミー、グットクルー、cleomery、月刊PAM、スパンコールグッドタイムズ、Drawry.、9DayzGlitchClubTokyo、NUANCE、FOKALITE、WT☆Egret、YA'ABURNEE、RAY

ライブ 16:15~16:38
特典会 17:15~18:15

■チケット販売サイト
https://t-dv.com/kc20260719
※チケット発売：6/4(木)22:30先着",CONFIRMED,,20260629T103413Z
4uiscolb7qe0kpc1d0nul79b46@google.com,2026-07-20,2026-07-20,yes,,,,,,,,×,,イベント入る可能性低めです。,CONFIRMED,,20260713T033351Z
1ts3s7ouob1josbtkem5qbn9at@google.com,2026-07-22,2026-07-22,yes,ZircoTokyo,10:00,10:30,12:45,13:05,13:20,14:20,【イベント】「UTAGE FES Vol.5」,,"7月22日(水)@ 新宿8会場(Zepp Shinjuku / KABUKICHO TOWER STAGE / 新宿LOFT / SHINJUKU WALLY / Zirco Tokyo / 新宿Marble / YOANI LIVE STATION / 新宿ACB HALL)
「UTAGE FES Vol.5」
開場 10:00/ 開演 10:30(予定)
チケット
VIP ¥10,000 (Tシャツ付) / 一般¥2,500
※全会場前方エリアあり

ライブ 12:45~13:05(ZircoTokyo)
特典会 13:20~14:20(ZircoTokyo)
 
■チケット販売サイト
https://t-dv.com/0722_UTAGEFES",CONFIRMED,,20260715T120821Z
2neo1e7lbbfm1k5aq1emkjdie2@google.com,2026-07-25,2026-07-25,yes,SHIBUYA RING,10:00,10:15,16:55,17:15,17:55,19:15,【イベント】13th Anniversary「アイドル甲子園 in SHIBUYA RING」supported by My-th,,"7月25日(土)@ SHIBUYA RING
13th Anniversary「アイドル甲子園 in SHIBUYA RING」supported by My-th
開場 10:00 / 開演 10:15
チケット 前売4,000円 当日 5,000円(各+1D)
お目当て特典：写メ券(トークあり)
※アルコール提供無し。
※再入場可、追加ドリンク代が発生します。最初の案内では再入場時ドリンク代なしとなっておりましたが、変更がありました。あらかじめご了承ください。

ライブ 16:55~17:15
特典会 17:55~19:15",CONFIRMED,,20260724T112826Z
19sr8qllhc1ei76h3rf0h6ooeu@google.com,2026-07-26,2026-07-26,yes,BASE GRANBELL 銀座,12:00,12:30,14:15,14:40,14:50,16:00,【イベント】「TOKYOPOP vol.2-Supported by こぐまカリー」,,"7月26日(日)@ BASE GRANBELL 銀座
「TOKYOPOP vol.2-Supported by こぐまカリー」
開場 12:00/ 開演 12:30
チケット VIP(下手ソファーエリア) ¥4,500 / 一般 ¥2,500

ライブ 14:15~14:40
特典会 14:50~16:00(特典会スペースB)
 
■チケット販売サイト
https://t-dv.com/TOKYOPOP_260726",CONFIRMED,,20260621T141815Z
4r5dniim2g6uceepq41qovoup3@google.com,2026-07-27,2026-07-27,yes,下北沢シャングリラ,18:30,19:00,19:30,20:00,21:15,22:30,【イベント】SOVA 10th Anniversary After Party「Owl Party」,,"7月27日(月)@ 下北沢シャングリラ
SOVA 10th Anniversary After Party「Owl Party」
開場 18:30/ 開演 19:00
チケット 前売3,000円/当日3,500円/学生2,000円※学生証提示必須(各+1D)
出演 airattic / RAY / ponderosa may bloom / Drawry.
※女性エリアあり

■チケット販売サイト
https://t-dv.com/OwlParty
※チケット発売：6/26(金)22:00先着",CONFIRMED,,20260625T134425Z
0one27n8djloc2sv601fp9du5l@google.com,2026-07-28,2026-07-28,yes,Shibuya Milkyway,18:45,19:10,20:10,,20:50,22:00,【イベント】Drawry.主催3カ月連続フリーライブ「描きかけの夏」,,"7月28日(火)@ Shibuya Milkyway
Drawry.主催3カ月連続フリーライブ「描きかけの夏」
開場 18:45/ 開演 19:10
チケット 前売 優先入場 2,500円 一般 0円 / 当日 一般 500円(各+1D)
出演 Drawry. / iRiNE / UNDO
 
タイムテーブル
19:10 UNDO
19:40 iRiNE
20:10 Drawry.
20:50 特典会
22:00 特典会終了

■チケット販売サイト
https://t-dv.com/Drawry_summer1
※チケット発売：7/2(木)22:30先着",CONFIRMED,,20260701T100112Z
3j56icpnpom4evo3r16qllsoa6@google.com,2026-08-01,2026-08-01,yes,,,,,,,,×,,イベント入る可能性低めです。,CONFIRMED,,20260722T105350Z
6e0c3vqsvdf5t6a7ageh41dn3v@google.com,2026-08-02,2026-08-02,yes,下北沢MOSAiC,10:40,11:00,12:40,13:05,13:10,14:10,【イベント】INFINITY LIVE presents『ASTROPUFF』,,"8月2日(日)@ 下北沢MOSAiC
INFINITY LIVE presents『ASTROPUFF』
開場 10:40/ 開演 11:00
チケット 優先入場 3,100円 / 前売券 2,500円 / 当日券 3,200円(各+1D)
出演 8°世界が変われば、 / 寄絃 - Yo2La / KIRA:MINA / 美味しい水玉 / Drawry.

■チケット販売サイト
https://t-dv.com/20260802_day
※チケット発売：7/26(日) 20:00先着",CONFIRMED,,20260725T111100Z
2d1ui8raub0js5g4sakl656i4s@google.com,2026-08-07,2026-08-07,yes,,,,,,,,(東京)私服特典会,,"8月7日(金) 19:30〜21:00(※場合によっては延長あり)
会場：ふれあい貸し会議室 渋谷No30
住所：〒150-0002 東京都渋谷区渋谷2-22-7 渋谷新生ビル 8階 803号室
※会場内へのご案内は19:20頃を予定しております。時間より早くご入場はご遠慮ください。

入場無料となります！
また最初のお時間にメンバー全員との囲みチェキを行います。チェキ券：2枚（トーク・サインなし）

【注意事項】
・会場スペースには限りがございますので、特典会に参加予定のない方のご入場はご遠慮ください。
・お飲み物の持ち込みは可能ですが、お酒の持ち込みは一切禁止となります。ゴミが出た場合は持ち帰りにご協力お願いいたします。また、禁煙となっております。",CONFIRMED,,20260806T132227Z
6ndmre6uevfg4vav8bq66s11cu@google.com,2026-08-08,2026-08-08,yes,,,,,,,,×,,イベント入る可能性低めです。,CONFIRMED,,20260713T033336Z
1peojo7bfnge0l4gcadrldajcg@google.com,2026-08-09,2026-08-09,yes,下北沢MOSAiC,11:15,11:45,,,,,【イベント】新衣装お披露目イベント Drawry.主催 「New Scene」,,"2026年8月9日(日)
新衣装お披露目イベント
Drawry.主催 「New Scene」
会場：下北沢MOSAiC
開場 / 開演：11:15 / 11:45
チケット：前売り2,300円 当日 2,800円(各+1D)
出演：Drawry.

[FC会員限定 先行抽選]
受付期間：7/13(月)〜7/16(木) 23:59
お申し込み方法
ファンクラブ内の「News」より、
【FC会員限定チケット先行抽選受付のお知らせ】8月9日 新衣装お披露目イベント Drawry.主催「New Scene」を開いていただき、ページ最下部の「申し込みへ」ボタンより抽選サイトへお進みください。

■チケット販売サイト
https://t-dv.com/Drawry-NewScene-20260809
※チケット発売：7/17(金)22:30先着",CONFIRMED,,20260715T133328Z
1833fhi9j9epc6biehjmp8ompa@google.com,2026-08-10,2026-08-10,yes,渋谷12会場,11:00,11:30,16:35,16:55,17:05,18:05,【イベント】NEO JAPONISM主催フェス「NEO KASSEN2026」,,"8月10日(月)@ 渋谷12会場
NEO JAPONISM主催フェス「NEO KASSEN2026」
開場 / 開演 11:00 / 11:30(予定)
チケット 前売り6,500円 当日 7,500円(各+1D)

ライブ 16:35~16:55(GRIT)
特典会 17:05~18:05(DAIA：36)

イベント詳細
https://neojaponism.com/neokassen/2026

■チケット販売サイト
https://l-tike.com/neokassen/

#KASSEN",CONFIRMED,,20260803T121929Z
7l8olppkken4krsb8rnvau6pe9@google.com,2026-08-11,2026-08-11,yes,東京カルチャーカルチャー(渋谷),13:00,13:15,,,,,【浴衣イベント】SOVA夏祭り2026「Drawry.編」,,"8月11日（火・祝） @ 東京カルチャーカルチャー(渋谷)
SOVA夏祭り2026「Drawry.編」
縁日パート：入場無料
入場 11:00 縁日開始 11:15
ミニコーナー・ミニライブパート
開場 13:00/ 開演 13:15 ※特典会含めて15:45終了予定
チケット 前売2,500円 当日 3,000円(各+1D)

■チケット販売サイト
https://t-dv.com/0txl4ZGrMO0MvYiksEJG
※チケット発売：7/18(土)10:00先着",CONFIRMED,,20260717T111539Z
0kq4qeu5tc6rgd19ec6nel2del@google.com,2026-08-12,2026-08-12,yes,,,,,,,,△,,イベント入る可能性低めです。絶対に入らないということではないです。,CONFIRMED,,20260713T092215Z
6atmotaglpcvbu0g140cm64v2r@google.com,2026-08-13,2026-08-13,yes,恵比寿CreAto,18:20,18:40,20:20,20:45,20:55,21:55,【イベント】「エンジョイナス!!」,,"8月13日(木)@ 恵比寿 CreAto
「エンジョイナス!!」
開場 18:20/ 開演 18:40
チケット前売 2,300円 / 当日3,000円(各+1D)
出演 cleomery / Drawry. / ki.o.ku / クモリノチ。/ UNDO

■チケット販売サイト
https://t-dv.com/enjoinus260813
※チケット発売：7/13(月)22:00先着",CONFIRMED,,20260712T030735Z
09lebk0mhu4voe7evagdr6srsn@google.com,2026-08-14,2026-08-14,yes,,,,,,,,△,,イベント入る可能性低めです。絶対に入らないということではないです。,CONFIRMED,,20260713T092227Z
0qn8kfq99c8cbfg36qp3thgkh4@google.com,2026-08-15,2026-08-15,yes,お台場R地区,09:00,10:00,18:20,18:40,19:00,20:20,【イベント】「POPGALAXY2026」,,"8月15日(土)@ お台場R地区
「POPGALAXY2026」
開場 9:00/ 開演 10:00(予定)
チケット VIPチケット 20,000円 / 一般チケット4,500円(各+1D)

ライブ 18:20~18:40(MARZステージ)
特典会 19:00~20:20(特典会：R)

■チケット販売サイト
VIPチケット
https://t-dv.com/popgalaxy0815_vip

一般チケット
https://t-dv.com/popgalaxy0815",CONFIRMED,,20260813T143056Z
2uv330p4ludkbtdojctbmut864@google.com,2026-08-16,2026-08-16,yes,LIVLIV(静岡ARTIE),11:00,11:30,11:30,11:58,14:40,15:50,【イベント】いつかの夜に僕たちが、&こぐまカリー共催「いつクマッ！」,,"8月16日(日)@ LIVLIV(静岡ARTIE)
いつかの夜に僕たちが、&こぐまカリー共催「いつクマッ！」
開場 11:00/ 開演 11:30
チケット 前売3900円/当日4500円(各+1D)
出演 いつかの夜に僕たちが、 / I to U $CREAMing!! / airattic / カイジューバイミー / 感情線は時をこえて / キングサリ / さくまる。 / CYNHN / selfish / diig / Drawry. / NUANCE
※再入場OK(1ドリンク代等不要)

■チケット販売サイト
https://t-dv.com/itsukuma-20260816
※チケット発売：6/26(金)22:30先着

#いつくま",CONFIRMED,,20260625T134238Z
338og22pih1a3rph8mo0eaoh1o@google.com,2026-08-17,2026-08-17,yes,渋谷近未来会館,19:00,19:20,19:50,20:20,21:20,22:30,【イベント】#ﾆｷﾌﾟﾚ『シキサイ。』,,"8月17日(月)@ 渋谷近未来会館
#ﾆｷﾌﾟﾚ『シキサイ。』
開場 19:00/ 開演 19:20
チケット 前売券 2,800円 / 当日券 3,300円(各+1D)
出演 Drawry. / KAIJU ON THE STAGE / LUVRiX / may in film

ライブ 19:50~20:20
特典会 21:20~22:30

■チケット販売サイト
https://t-dv.com/20260817_nikipre
※チケット発売：8/5(水) 22:00先着",CONFIRMED,,20260804T130120Z
5ovauojco93umh54hht346f2gh@google.com,2026-08-22,2026-08-22,yes,時事通信ホール,11:40,11:15,,,,,【イベント】『GIRLS PARADE』,,"8月22日(土)@ 時事通信ホール
『GIRLS PARADE』
開場 11:40/ 開演 11:15
チケット Sエリア（前方エリア） 4,000円　Aエリア（一般エリア） 3,000円

■チケット販売サイト
https://livepocket.jp/e/GIRLSPARADE_260822
※チケット発売：8/15(土) 21:00先着",CONFIRMED,,20260813T143503Z
7gkqqrsn9u3hcd15pufrnn9ebr@google.com,2026-08-23,2026-08-23,yes,,,,,,,,△,,イベント入る可能性低めです。絶対に入らないということではないです。,CONFIRMED,,20260818T062657Z
4uhatot6gs788vlbvhlqa781ep@google.com,2026-08-24,2026-08-24,yes,渋谷近未来会館,18:30,18:50,,,,,【イベント】#ﾆｷﾌﾟﾚ『シブヤチャンプルー』,,"8月24日(月)@ 渋谷近未来会館
#ﾆｷﾌﾟﾚ『シブヤチャンプルー』
開場 18:30/ 開演 18:50
チケット 前売券 2,800円 / 当日券 3,300円(各+1D)
出演 Drawry. / iRiNE / LiVS / MAPA / 雨音とアプローズ

■チケット販売サイト
https://t-dv.com/20260726_nikipre
※チケット発売：8/4(火) 22:00先着",CONFIRMED,,20260803T133905Z
5qk9sj4eku0sk7pa7t9u0u84at@google.com,2026-08-27,2026-08-27,yes,Shibuya Milkyway,18:45,19:10,20:10,,20:50,22:00,【イベント】Drawry.主催3カ月連続フリーライブ「描きかけの夏」vol.2,,"8月27日(木)@ Shibuya Milkyway
Drawry.主催3カ月連続フリーライブ「描きかけの夏」vol.2
開場 / 開演 18:45 / 19:10
チケット 優先入場 2,500円 一般 0円(各+1D)
出演 Drawry. / ARCANA PROJECT / アキストゼネコ

タイムテーブル
19:10 アキストゼネコ
19:40 ARCANA PROJECT
20:10 Drawry.
20:50 特典会
22:00 特典会終了

■チケット販売サイト
https://t-dv.com/Drawry_summer2
※チケット発売：8/1(土)22:00先着",CONFIRMED,,20260731T100042Z
1uqi6l8gnfckro1r42oufo52tr@google.com,2026-08-29,2026-08-29,yes,新宿MARZ,10:40,11:00,,,,,【イベント】8°世界が変われば、『8utter POP!! vol.13』,,"8月29日(土)@ 新宿MARZ
8°世界が変われば、『8utter POP!! vol.13』
開場 10:40/ 開演 11:00
チケット 前売券 2,500円 / 当日券 3,000円(各+1D)
出演 8°世界が変われば、 / 月に足跡を残した少女達は一体何を見たのか... / Drawry.

■チケット販売サイト
https://t-dv.com/20260829_8utterpop
※チケット発売：8/14(金) 22:30先着",CONFIRMED,,20260813T173014Z
55bl6iep01ggtdm5cn01rgeqr5@google.com,2026-08-30,2026-08-30,yes,,,,,,,,△,,イベント入る可能性低めです。絶対に入らないということではないです。,CONFIRMED,,20260813T042816Z
6r8kp8dgtmn9lae0ddk0tnqjlh@google.com,2026-08-31,2026-08-31,yes,SHIBUYA RING,17:00,17:20,,,,,【イベント】『THE LAST OF SUMMER』,,"8月31日(月)@ SHIBUYA RING
『THE LAST OF SUMMER』
開場 17:00/ 開演 17:20
チケット 前方 3,500円 / 一般 2,500円 / 当日券 3,500円(各+1D)
出演 きっと大切だった / 会心ノ一撃 / Drawry. / may in film / ブルベア / Rea Lis / GigiL / 可愛いって言わないと呪う！/ れあれあれあ!

■チケット販売サイト
https://ticketvillage.jp/events/13849
※チケット発売：8/5(水)22:00先着",CONFIRMED,,20260801T133753Z
3h0gjg2uilm72nmgscjbs310tq@google.com,2026-09-02,2026-09-02,yes,代官山 SPACEODD,17:30,18:00,,,,,【イベント】DAKENO IDOL VOL.1,,"9月2日(水)@ 代官山 SPACEODD
DAKENO IDOL VOL.1
開場 17:30/ 開演 18:00
チケット 優先入場 3,500円 / 一般 2,500円(各+1D)
出演 AZATOY / CHEMICAL X / CoTei / Drawry. / hakanai / HATENO

■チケット販売サイト
https://ticketdive.com/event/dakeno1
※チケット発売：8/13(木) 22:00先着",CONFIRMED,,20260812T110453Z
21co179l5vbjjrgcomo417rv6c@google.com,2026-09-05,2026-09-05,yes,草ぶえの丘(千葉 佐倉),09:30,09:55,,,,,【イベント】「くさのねフェスティバル2026」,,"9月5日(土) @ 草ぶえの丘(千葉 佐倉)
「くさのねフェスティバル2026」
開場 9:30/開演9:55(予定)
チケット
限定グッズ付き2Days通し券 20,000円
2Days通し券 10,000円
限定グッズ付き 13,000円
一般 7,000円
千葉県民割・高校生学割 5,000円
※バンドフェスの日程ですが、バンドセットでの出演ではございません。

■チケット販売サイト
http://kusanoneidolfes.com/#ticket

公式HP
https://kusanonefes.com

#くさのねフェス2026 #くさのねアイドルフェス2026",CONFIRMED,,20260725T130128Z
00r0udduank44dmkn8a9v6d6rh@google.com,2026-09-05,2026-09-05,yes,,,,,,,,くさのね前後にもう1本ライブあり＠千葉,,,CONFIRMED,,20260810T144038Z
1ji2hq6pjiglqlki3glfu0clat@google.com,2026-09-06,2026-09-06,yes,草ぶえの丘(千葉 佐倉),10:00,10:45,,,,,【イベント】「くさのねアイドルフェスティバル2026」,,"9月6日(日) @ 草ぶえの丘(千葉 佐倉)
「くさのねアイドルフェスティバル2026」
開場10:00/開演10:45(予定)
チケット
限定グッズ付き2Days通し券 20,000円
2Days通し券 10,000円
限定グッズ付き 12,000円
一般 7,000円
女性・学生 4,000円
入場順：限定グッズ付き2Days通しチケット→2Days通しチケット→限定グッズ付きチケット→一般チケット→女性学生チケット→当日券

■チケット販売サイト
http://kusanoneidolfes.com/#ticket

公式HP
http://kusanoneidolfes.com

#くさのねアイドルフェス2026",CONFIRMED,,20260818T111049Z
6m26f3a0os27krnqfk480hgmqb@google.com,2026-09-10,2026-09-10,yes,下北沢 近道,19:00,19:30,,,,,【小宵めみソロイベント】「めみちゃんが歌います！」@下北沢近道,,"9月10日(木)@ 下北沢 近道
「めみちゃんが歌います！」
開場 19:00/ 開演 19:30
チケット：前売 2,500円 / 当日 3,000円
※小宵めみ ソロでの弾き語りイベントとなります。
※前方のみ椅子がございます。椅子が埋まり次第、立ち見でのご案内となる場合がございます。

■チケット販売サイト
https://t-dv.com/memi03
※チケット発売：7/28(火) 22:30先着",CONFIRMED,,20260727T151437Z
1u6jo6g4liif9av8toneovf5ai@google.com,2026-09-12,2026-09-12,yes,,,,,,,,ライブ予定あり,,,CONFIRMED,,20260726T114414Z
464ks83r8eak7f9afb8a5hc6j8@google.com,2026-09-13,2026-09-13,yes,Shibuya Milkyway,17:00,17:30,,,,,【イベント】Drawry.主催「First and Last」,,"9月13日(日)@ Shibuya Milkyway
Drawry.主催「First and Last」
開場 17:00 / 開演 17:30 ※20:40には特典会含めて終了予定
チケット 前売 3,000円 当日 3,500円(各+1D)
出演 airattic / Drawry.

■チケット販売サイト
https://t-dv.com/First_and_Last
※チケット発売：8/1(土)22:30先着",CONFIRMED,,20260731T120029Z
40sfj4thefv93018q9pomvdn3v@google.com,2026-09-15,2026-09-15,yes,,,,,,,,ライブ入る可能性あり,,,CONFIRMED,,20260715T030502Z
487c9ldjn5iovjk8gobm6nqjs8@google.com,2026-09-19,2026-09-19,yes,,,,,,,,ライブ予定あり(夕方までに終わります),,,CONFIRMED,,20260726T114512Z
30l50tjjf7p69ihmjdcg4kb3cl@google.com,2026-09-20,2026-09-20,yes,,,,,,,,ライブ入る可能性あり,,,CONFIRMED,,20260716T234924Z
6simoeoghkro36sef1ho68mftc@google.com,2026-09-26,2026-09-26,yes,,,,,,,,×,,イベント入る可能性は限りなく低いです。,CONFIRMED,,20260713T125134Z
1iaubi5mn18ogu48cbd0pvabos@google.com,2026-09-30,2026-09-30,yes,,,,,,,,主催イベント予定@ Shibuya Milkyway,,詳細後日,CONFIRMED,,20260404T034453Z
2v63k50pm7k9d7ok49q85l4fa7@google.com,2026-10-11,2026-10-11,yes,,,,,,,,ライブ予定あり＠時間未定,,,CONFIRMED,,20260808T074752Z
3sdsjalbkbdau21d6b7klapmh4@google.com,2026-10-17,2026-10-17,yes,,,,,,,,大阪遠征(対バンイベント)@時間未定,,,CONFIRMED,,20260719T142758Z
0i2ddad29jimklfdd1g0h6jil9@google.com,2026-10-18,2026-10-18,yes,LIVE SPACE CONPASS,,,,,,,【イベント】Drawry.主催イベント「build a family in Osaka」supported by こぐまカリー(年内ラスト遠征予定),,"10月18日(日)昼帯@ LIVE SPACE CONPASS
Drawry.主催イベント「build a family in Osaka」supported by こぐまカリー
※詳細後日解禁となりますが特典会含めて16:00までに終了予定です。",CONFIRMED,,20260720T083409Z
5povsvnr235c4vsmi3c6k6uigd@google.com,2026-10-26,2026-10-26,yes,渋谷WWW,18:15,19:00,,,,,【イベント】Drawry.2nd ONEMAN LIVE「Inside Out」,,"10月26日(月)@ 渋谷WWW
Drawry.2nd ONEMAN LIVE「Inside Out」
開場 18:15 / 開演 19:00
※ライブ終了は21:00頃、特典会は22:30頃終了予定です。また、事前物販は17:00〜17:45を予定しております。多少の変更が出る場合がございます。

チケット  
Sチケット 8,000円 一般チケット 2,500円 当日券. 3,000円(一般のみ) (各+1D)
Sチケット特典：優先入場(エリア分けはございません。)/限定Tシャツ付
※後日特典付手売りチケットも販売予定がございます。

■チケット販売サイト
https://t-dv.com/drawry_2nd
先行抽選：3/28-4/5 23:59
チケット販売：4/7 22:00先着",CONFIRMED,,20260328T042407Z
